name;date;year;driver;forename;status
"Monaco Grand Prix";"1950-05-21";1950;"Villoresi";"Luigi";"Axle"
"Monaco Grand Prix";"1950-05-21";1950;"Whitehead";"Peter";"Engine"
"Swiss Grand Prix";"1950-06-04";1950;"Sommer";"Raymond";"Suspension"
"Swiss Grand Prix";"1950-06-04";1950;"Villoresi";"Luigi";"Engine"
"Swiss Grand Prix";"1950-06-04";1950;"Ascari";"Alberto";"Oil pump"
"Italian Grand Prix";"1950-09-03";1950;"Ascari";"Alberto";"Engine"
"Italian Grand Prix";"1950-09-03";1950;"Biondetti";"Clemente";"Engine"
"Swiss Grand Prix";"1951-05-27";1951;"Whitehead";"Peter";"Accident"
"Swiss Grand Prix";"1951-05-27";1951;"Villoresi";"Luigi";"Accident"
"Belgian Grand Prix";"1951-06-17";1951;"Taruffi";"Piero";"Transmission"
"French Grand Prix";"1951-07-01";1951;"Ascari";"Alberto";"Gearbox"
"French Grand Prix";"1951-07-01";1951;"Whitehead";"Peter";"Engine"
"British Grand Prix";"1951-07-14";1951;"Ascari";"Alberto";"Gearbox"
"Italian Grand Prix";"1951-09-16";1951;"Whitehead";"Peter";"Magneto"
"Italian Grand Prix";"1951-09-16";1951;"Landi";"Chico";"Transmission"
"Spanish Grand Prix";"1951-10-28";1951;"Villoresi";"Luigi";"Ignition"
"Spanish Grand Prix";"1951-10-28";1951;"Taruffi";"Piero";"Wheel"
"Swiss Grand Prix";"1952-05-18";1952;"Simon";"André";"Magneto"
"Swiss Grand Prix";"1952-05-18";1952;"Farina";"Nino";"Magneto"
"Swiss Grand Prix";"1952-05-18";1952;"Rosier";"Louis";"Accident"
"Swiss Grand Prix";"1952-05-18";1952;"Farina";"Nino";"Magneto"
"Indianapolis 500";"1952-05-30";1952;"Ascari";"Alberto";"Wheel"
"Belgian Grand Prix";"1952-06-22";1952;"Taruffi";"Piero";"Accident"
"Belgian Grand Prix";"1952-06-22";1952;"Rosier";"Louis";"Transmission"
"French Grand Prix";"1952-07-06";1952;"Rosier";"Louis";"Engine"
"French Grand Prix";"1952-07-06";1952;"Carini";"Piero";"Engine"
"British Grand Prix";"1952-07-19";1952;"Hirt";"Peter";"Brakes"
"German Grand Prix";"1952-08-03";1952;"Schoeller";"Rudolf";"Suspension"
"German Grand Prix";"1952-08-03";1952;"Carini";"Piero";"Brakes"
"Dutch Grand Prix";"1952-08-17";1952;"de Tornaco";"Charles";"Engine"
"Italian Grand Prix";"1952-09-07";1952;"Fischer";"Rudi";"Engine"
"Italian Grand Prix";"1952-09-07";1952;"de Tornaco";"Charles";"Did not qualify"
"Italian Grand Prix";"1952-09-07";1952;"Whitehead";"Peter";"Did not qualify"
"Italian Grand Prix";"1952-09-07";1952;"von Stuck";"Hans";"Did not qualify"
"Argentine Grand Prix";"1953-01-18";1953;"Farina";"Nino";"Accident"
"Dutch Grand Prix";"1953-06-07";1953;"Villoresi";"Luigi";"Throttle"
"Belgian Grand Prix";"1953-06-21";1953;"Farina";"Nino";"Engine"
"British Grand Prix";"1953-07-18";1953;"Villoresi";"Luigi";"Axle"
"German Grand Prix";"1953-08-02";1953;"Villoresi";"Luigi";"Engine"
"German Grand Prix";"1953-08-02";1953;"Adolff";"Kurt";"Retired"
"German Grand Prix";"1953-08-02";1953;"Ascari";"Alberto";"Engine"
"Swiss Grand Prix";"1953-08-23";1953;"Hirt";"Peter";"Engine"
"Swiss Grand Prix";"1953-08-23";1953;"Swaters";"Jacques";"Spun off"
"Swiss Grand Prix";"1953-08-23";1953;"Rosier";"Louis";"Spun off"
"Italian Grand Prix";"1953-09-13";1953;"Ascari";"Alberto";"Accident"
"Italian Grand Prix";"1953-09-13";1953;"Carini";"Piero";"Engine"
"Argentine Grand Prix";"1954-01-17";1954;"Hawthorn";"Mike";"Disqualified"
"Argentine Grand Prix";"1954-01-17";1954;"Rosier";"Louis";"Accident"
"Belgian Grand Prix";"1954-06-20";1954;"Farina";"Nino";"Ignition"
"Belgian Grand Prix";"1954-06-20";1954;"González";"José Froilán";"Engine"
"Belgian Grand Prix";"1954-06-20";1954;"Swaters";"Jacques";"Engine"
"French Grand Prix";"1954-07-04";1954;"Trintignant";"Maurice";"Engine"
"French Grand Prix";"1954-07-04";1954;"Rosier";"Louis";"Engine"
"French Grand Prix";"1954-07-04";1954;"González";"José Froilán";"Engine"
"French Grand Prix";"1954-07-04";1954;"Hawthorn";"Mike";"Engine"
"British Grand Prix";"1954-07-17";1954;"Parnell";"Reg";"Engine"
"British Grand Prix";"1954-07-17";1954;"Manzon";"Robert";"Engine"
"British Grand Prix";"1954-07-17";1954;"Rosier";"Louis";"Engine"
"German Grand Prix";"1954-08-01";1954;"Hawthorn";"Mike";"Transmission"
"Swiss Grand Prix";"1954-08-22";1954;"Trintignant";"Maurice";"Engine"
"Swiss Grand Prix";"1954-08-22";1954;"Hawthorn";"Mike";"Oil leak"
"Swiss Grand Prix";"1954-08-22";1954;"Manzon";"Robert";"Accident"
"Italian Grand Prix";"1954-09-05";1954;"Ascari";"Alberto";"Engine"
"Italian Grand Prix";"1954-09-05";1954;"González";"José Froilán";"Gearbox"
"Italian Grand Prix";"1954-09-05";1954;"Manzon";"Robert";"Engine"
"Spanish Grand Prix";"1954-10-24";1954;"Trintignant";"Maurice";"Gearbox"
"Spanish Grand Prix";"1954-10-24";1954;"Swaters";"Jacques";"Engine"
"Spanish Grand Prix";"1954-10-24";1954;"Manzon";"Robert";"Engine"
"Argentine Grand Prix";"1955-01-16";1955;"Trintignant";"Maurice";"Engine"
"Monaco Grand Prix";"1955-05-22";1955;"Schell";"Harry";"Engine"
"Belgian Grand Prix";"1955-06-05";1955;"Taruffi";"Piero";"Withdrew"
"Belgian Grand Prix";"1955-06-05";1955;"Schell";"Harry";"Withdrew"
"Dutch Grand Prix";"1955-06-19";1955;"Trintignant";"Maurice";"Gearbox"
"British Grand Prix";"1955-07-16";1955;"Trintignant";"Maurice";"Overheating"
"British Grand Prix";"1955-07-16";1955;"Castellotti";"Eugenio";"Transmission"
"Italian Grand Prix";"1955-09-11";1955;"Farina";"Nino";"Withdrew"
"Italian Grand Prix";"1955-09-11";1955;"Villoresi";"Luigi";"Withdrew"
"Argentine Grand Prix";"1956-01-22";1956;"Collins";"Peter";"Accident"
"Argentine Grand Prix";"1956-01-22";1956;"Castellotti";"Eugenio";"Gearbox"
"Argentine Grand Prix";"1956-01-22";1956;"Fangio";"Juan";"Fuel pump"
"Monaco Grand Prix";"1956-05-13";1956;"Castellotti";"Eugenio";"Clutch"
"Monaco Grand Prix";"1956-05-13";1956;"Musso";"Luigi";"Accident"
"Monaco Grand Prix";"1956-05-13";1956;"Scarlatti";"Giorgio";"Did not qualify"
"Belgian Grand Prix";"1956-06-03";1956;"Fangio";"Juan";"Transmission"
"Belgian Grand Prix";"1956-06-03";1956;"Castellotti";"Eugenio";"Transmission"
"French Grand Prix";"1956-07-01";1956;"Gendebien";"Olivier";"Clutch"
"French Grand Prix";"1956-07-01";1956;"de Portago";"Alfonso";"Gearbox"
"British Grand Prix";"1956-07-14";1956;"Collins";"Peter";"Oil pressure"
"German Grand Prix";"1956-08-05";1956;"de Portago";"Alfonso";"Accident"
"German Grand Prix";"1956-08-05";1956;"Musso";"Luigi";"Accident"
"German Grand Prix";"1956-08-05";1956;"Collins";"Peter";"Fuel leak"
"German Grand Prix";"1956-08-05";1956;"Castellotti";"Eugenio";"Electrical"
"German Grand Prix";"1956-08-05";1956;"Scarlatti";"Giorgio";"Engine"
"Italian Grand Prix";"1956-09-02";1956;"Musso";"Luigi";"Steering"
"Italian Grand Prix";"1956-09-02";1956;"Castellotti";"Eugenio";"Tyre"
"Italian Grand Prix";"1956-09-02";1956;"de Portago";"Alfonso";"Tyre"
"Italian Grand Prix";"1956-09-02";1956;"von Trips";"Wolfgang";"Withdrew"
"Argentine Grand Prix";"1957-01-13";1957;"Castellotti";"Eugenio";"Wheel"
"Argentine Grand Prix";"1957-01-13";1957;"Hawthorn";"Mike";"Clutch"
"Argentine Grand Prix";"1957-01-13";1957;"Musso";"Luigi";"Clutch"
"Argentine Grand Prix";"1957-01-13";1957;"Collins";"Peter";"Clutch"
"Monaco Grand Prix";"1957-05-19";1957;"von Trips";"Wolfgang";"Engine"
"Monaco Grand Prix";"1957-05-19";1957;"Collins";"Peter";"Accident"
"Monaco Grand Prix";"1957-05-19";1957;"Hawthorn";"Mike";"Accident"
"Monaco Grand Prix";"1957-05-19";1957;"Hawthorn";"Mike";"Engine"
"French Grand Prix";"1957-07-07";1957;"Trintignant";"Maurice";"Electrical"
"British Grand Prix";"1957-07-20";1957;"Collins";"Peter";"Water leak"
"Pescara Grand Prix";"1957-08-18";1957;"Musso";"Luigi";"Oil leak"
"Italian Grand Prix";"1957-09-08";1957;"Collins";"Peter";"Engine"
"Argentine Grand Prix";"1958-01-19";1958;"Collins";"Peter";"Halfshaft"
"Monaco Grand Prix";"1958-05-18";1958;"von Trips";"Wolfgang";"Engine"
"Monaco Grand Prix";"1958-05-18";1958;"Hawthorn";"Mike";"Fuel pump"
"Dutch Grand Prix";"1958-05-26";1958;"Collins";"Peter";"Gearbox"
"Belgian Grand Prix";"1958-06-15";1958;"Musso";"Luigi";"Accident"
"Belgian Grand Prix";"1958-06-15";1958;"Collins";"Peter";"Overheating"
"French Grand Prix";"1958-07-06";1958;"Musso";"Luigi";"Accident"
"British Grand Prix";"1958-07-19";1958;"von Trips";"Wolfgang";"Engine"
"German Grand Prix";"1958-08-03";1958;"Hawthorn";"Mike";"Clutch"
"German Grand Prix";"1958-08-03";1958;"Collins";"Peter";"Accident"
"Italian Grand Prix";"1958-09-07";1958;"Gendebien";"Olivier";"Suspension"
"Italian Grand Prix";"1958-09-07";1958;"von Trips";"Wolfgang";"Accident"
"Moroccan Grand Prix";"1958-10-19";1958;"Gendebien";"Olivier";"Accident"
"Monaco Grand Prix";"1959-05-10";1959;"Behra";"Jean";"Engine"
"Monaco Grand Prix";"1959-05-10";1959;"Allison";"Cliff";"Collision"
"Dutch Grand Prix";"1959-05-31";1959;"Brooks";"Tony";"Oil leak"
"French Grand Prix";"1959-07-05";1959;"Behra";"Jean";"Engine"
"French Grand Prix";"1959-07-05";1959;"Gurney";"Dan";"Radiator"
"German Grand Prix";"1959-08-02";1959;"Allison";"Cliff";"Clutch"
"Portuguese Grand Prix";"1959-08-23";1959;"Hill";"Phil";"Accident"
"Italian Grand Prix";"1959-09-13";1959;"Brooks";"Tony";"Clutch"
"United States Grand Prix";"1959-12-12";1959;"Allison";"Cliff";"Transmission"
"United States Grand Prix";"1959-12-12";1959;"Hill";"Phil";"Clutch"
"Monaco Grand Prix";"1960-05-29";1960;"Allison";"Cliff";"Did not qualify"
"Dutch Grand Prix";"1960-06-06";1960;"Hill";"Phil";"Engine"
"Belgian Grand Prix";"1960-06-19";1960;"Mairesse";"Willy";"Transmission"
"Belgian Grand Prix";"1960-06-19";1960;"von Trips";"Wolfgang";"Transmission"
"French Grand Prix";"1960-07-03";1960;"Mairesse";"Willy";"Transmission"
"Portuguese Grand Prix";"1960-08-14";1960;"Hill";"Phil";"Accident"
"French Grand Prix";"1961-07-02";1961;"von Trips";"Wolfgang";"Engine"
"British Grand Prix";"1961-07-15";1961;"Baghetti";"Giancarlo";"Accident"
"German Grand Prix";"1961-08-06";1961;"Mairesse";"Willy";"Accident"
"Italian Grand Prix";"1961-09-10";1961;"Ginther";"Richie";"Engine"
"Italian Grand Prix";"1961-09-10";1961;"Rodríguez";"Ricardo";"Fuel system"
"Italian Grand Prix";"1961-09-10";1961;"Baghetti";"Giancarlo";"Engine"
"Italian Grand Prix";"1961-09-10";1961;"von Trips";"Wolfgang";"Accident"
"Dutch Grand Prix";"1962-05-20";1962;"Rodríguez";"Ricardo";"Accident"
"Monaco Grand Prix";"1962-06-03";1962;"Rodríguez";"Ricardo";"Withdrew"
"Belgian Grand Prix";"1962-06-17";1962;"Mairesse";"Willy";"Accident"
"Belgian Grand Prix";"1962-06-17";1962;"Baghetti";"Giancarlo";"Ignition"
"British Grand Prix";"1962-07-21";1962;"Hill";"Phil";"Engine"
"German Grand Prix";"1962-08-05";1962;"Hill";"Phil";"Suspension"
"German Grand Prix";"1962-08-05";1962;"Bandini";"Lorenzo";"Accident"
"Monaco Grand Prix";"1963-05-26";1963;"Mairesse";"Willy";"Gearbox"
"Belgian Grand Prix";"1963-06-09";1963;"Surtees";"John";"Injection"
"Belgian Grand Prix";"1963-06-09";1963;"Mairesse";"Willy";"Injection"
"Belgian Grand Prix";"1963-06-09";1963;"Scarfiotti";"Ludovico";"Withdrew"
"French Grand Prix";"1963-06-30";1963;"Surtees";"John";"Fuel pump"
"French Grand Prix";"1963-06-30";1963;"Scarfiotti";"Ludovico";"Withdrew"
"German Grand Prix";"1963-08-04";1963;"Mairesse";"Willy";"Accident"
"Italian Grand Prix";"1963-09-08";1963;"Bandini";"Lorenzo";"Gearbox"
"Italian Grand Prix";"1963-09-08";1963;"Surtees";"John";"Engine"
"Mexican Grand Prix";"1963-10-27";1963;"Bandini";"Lorenzo";"Ignition"
"Mexican Grand Prix";"1963-10-27";1963;"Surtees";"John";"Disqualified"
"South African Grand Prix";"1963-12-28";1963;"Surtees";"John";"Engine"
"Monaco Grand Prix";"1964-05-10";1964;"Surtees";"John";"Gearbox"
"Dutch Grand Prix";"1964-05-24";1964;"Bandini";"Lorenzo";"Ignition"
"Belgian Grand Prix";"1964-06-14";1964;"Bandini";"Lorenzo";"Engine"
"Belgian Grand Prix";"1964-06-14";1964;"Surtees";"John";"Engine"
"French Grand Prix";"1964-06-28";1964;"Surtees";"John";"Engine"
"Austrian Grand Prix";"1964-08-23";1964;"Surtees";"John";"Suspension"
"United States Grand Prix";"1964-10-04";1964;"Bandini";"Lorenzo";"Engine"
"Belgian Grand Prix";"1965-06-13";1965;"Surtees";"John";"Engine"
"British Grand Prix";"1965-07-10";1965;"Bandini";"Lorenzo";"Engine"
"German Grand Prix";"1965-08-01";1965;"Surtees";"John";"Gearbox"
"Italian Grand Prix";"1965-09-12";1965;"Surtees";"John";"Clutch"
"Mexican Grand Prix";"1965-10-24";1965;"Scarfiotti";"Ludovico";"Withdrew"
"Monaco Grand Prix";"1966-05-22";1966;"Surtees";"John";"Transmission"
"French Grand Prix";"1966-07-03";1966;"Bandini";"Lorenzo";"Not classified"
"Dutch Grand Prix";"1966-07-24";1966;"Parkes";"Mike";"Accident"
"German Grand Prix";"1966-08-07";1966;"Scarfiotti";"Ludovico";"Electrical"
"German Grand Prix";"1966-08-07";1966;"Parkes";"Mike";"Accident"
"Italian Grand Prix";"1966-09-04";1966;"Baghetti";"Giancarlo";"Not classified"
"Italian Grand Prix";"1966-09-04";1966;"Bandini";"Lorenzo";"Ignition"
"United States Grand Prix";"1966-10-02";1966;"Bandini";"Lorenzo";"Engine"
"Monaco Grand Prix";"1967-05-07";1967;"Bandini";"Lorenzo";"Accident"
"Belgian Grand Prix";"1967-06-18";1967;"Scarfiotti";"Ludovico";"Not classified"
"Belgian Grand Prix";"1967-06-18";1967;"Parkes";"Mike";"Accident"
"French Grand Prix";"1967-07-02";1967;"Amon";"Chris";"Throttle"
"United States Grand Prix";"1967-10-01";1967;"Amon";"Chris";"Engine"
"South African Grand Prix";"1968-01-01";1968;"Ickx";"Jacky";"Oil leak"
"South African Grand Prix";"1968-01-01";1968;"de Adamich";"Andrea";"Accident"
"Spanish Grand Prix";"1968-05-12";1968;"Amon";"Chris";"Fuel pump"
"Spanish Grand Prix";"1968-05-12";1968;"Ickx";"Jacky";"Ignition"
"Belgian Grand Prix";"1968-06-09";1968;"Amon";"Chris";"Radiator"
"German Grand Prix";"1968-08-04";1968;"Amon";"Chris";"Accident"
"Italian Grand Prix";"1968-09-08";1968;"Amon";"Chris";"Accident"
"Italian Grand Prix";"1968-09-08";1968;"Bell";"Derek";"Fuel system"
"Canadian Grand Prix";"1968-09-22";1968;"Amon";"Chris";"Transmission"
"Canadian Grand Prix";"1968-09-22";1968;"Ickx";"Jacky";"Accident"
"United States Grand Prix";"1968-10-06";1968;"Amon";"Chris";"Water pump"
"United States Grand Prix";"1968-10-06";1968;"Bell";"Derek";"Engine"
"Mexican Grand Prix";"1968-11-03";1968;"Amon";"Chris";"Transmission"
"Mexican Grand Prix";"1968-11-03";1968;"Ickx";"Jacky";"Ignition"
"South African Grand Prix";"1969-03-01";1969;"Amon";"Chris";"Engine"
"Spanish Grand Prix";"1969-05-04";1969;"Amon";"Chris";"Engine"
"Monaco Grand Prix";"1969-05-18";1969;"Amon";"Chris";"Differential"
"French Grand Prix";"1969-07-06";1969;"Amon";"Chris";"Engine"
"British Grand Prix";"1969-07-19";1969;"Rodríguez";"Pedro";"Engine"
"British Grand Prix";"1969-07-19";1969;"Amon";"Chris";"Gearbox"
"Canadian Grand Prix";"1969-09-20";1969;"Rodríguez";"Pedro";"Oil pressure"
"South African Grand Prix";"1970-03-07";1970;"Ickx";"Jacky";"Engine"
"Spanish Grand Prix";"1970-04-19";1970;"Ickx";"Jacky";"Accident"
"Monaco Grand Prix";"1970-05-10";1970;"Ickx";"Jacky";"Halfshaft"
"French Grand Prix";"1970-07-05";1970;"Ickx";"Jacky";"Engine"
"British Grand Prix";"1970-07-18";1970;"Ickx";"Jacky";"Transmission"
"German Grand Prix";"1970-08-02";1970;"Regazzoni";"Clay";"Engine"
"Italian Grand Prix";"1970-09-06";1970;"Ickx";"Jacky";"Clutch"
"Italian Grand Prix";"1970-09-06";1970;"Giunti";"Ignazio";"Fuel system"
"Spanish Grand Prix";"1971-04-18";1971;"Andretti";"Mario";"Engine"
"Spanish Grand Prix";"1971-04-18";1971;"Regazzoni";"Clay";"Engine"
"Monaco Grand Prix";"1971-05-23";1971;"Regazzoni";"Clay";"Accident"
"Monaco Grand Prix";"1971-05-23";1971;"Andretti";"Mario";"Did not qualify"
"Dutch Grand Prix";"1971-06-20";1971;"Andretti";"Mario";"Fuel pump"
"French Grand Prix";"1971-07-04";1971;"Regazzoni";"Clay";"Accident"
"French Grand Prix";"1971-07-04";1971;"Ickx";"Jacky";"Engine"
"British Grand Prix";"1971-07-17";1971;"Ickx";"Jacky";"Engine"
"British Grand Prix";"1971-07-17";1971;"Regazzoni";"Clay";"Oil pressure"
"German Grand Prix";"1971-08-01";1971;"Ickx";"Jacky";"Accident"
"Austrian Grand Prix";"1971-08-15";1971;"Ickx";"Jacky";"Engine"
"Austrian Grand Prix";"1971-08-15";1971;"Regazzoni";"Clay";"Engine"
"Italian Grand Prix";"1971-09-05";1971;"Regazzoni";"Clay";"Engine"
"Italian Grand Prix";"1971-09-05";1971;"Ickx";"Jacky";"Engine"
"Canadian Grand Prix";"1971-09-19";1971;"Regazzoni";"Clay";"Accident"
"United States Grand Prix";"1971-10-03";1971;"Ickx";"Jacky";"Alternator"
"Argentine Grand Prix";"1972-01-23";1972;"Andretti";"Mario";"Engine"
"Spanish Grand Prix";"1972-05-01";1972;"Andretti";"Mario";"Oil pressure"
"Monaco Grand Prix";"1972-05-14";1972;"Regazzoni";"Clay";"Accident"
"Belgian Grand Prix";"1972-06-04";1972;"Regazzoni";"Clay";"Accident"
"Belgian Grand Prix";"1972-06-04";1972;"Ickx";"Jacky";"Injection"
"British Grand Prix";"1972-07-15";1972;"Ickx";"Jacky";"Oil pressure"
"Austrian Grand Prix";"1972-08-13";1972;"Ickx";"Jacky";"Fuel system"
"Austrian Grand Prix";"1972-08-13";1972;"Regazzoni";"Clay";"Fuel system"
"Italian Grand Prix";"1972-09-10";1972;"Ickx";"Jacky";"Electrical"
"Italian Grand Prix";"1972-09-10";1972;"Regazzoni";"Clay";"Collision"
"South African Grand Prix";"1973-03-03";1973;"Ickx";"Jacky";"Accident"
"Belgian Grand Prix";"1973-05-20";1973;"Ickx";"Jacky";"Oil pump"
"Monaco Grand Prix";"1973-06-03";1973;"Merzario";"Arturo";"Oil pressure"
"Monaco Grand Prix";"1973-06-03";1973;"Ickx";"Jacky";"Halfshaft"
"Italian Grand Prix";"1973-09-09";1973;"Merzario";"Arturo";"Suspension"
"Brazilian Grand Prix";"1974-01-27";1974;"Lauda";"Niki";"Engine"
"South African Grand Prix";"1974-03-30";1974;"Regazzoni";"Clay";"Oil pressure"
"Monaco Grand Prix";"1974-05-26";1974;"Lauda";"Niki";"Ignition"
"Swedish Grand Prix";"1974-06-09";1974;"Lauda";"Niki";"Gearbox"
"Swedish Grand Prix";"1974-06-09";1974;"Regazzoni";"Clay";"Gearbox"
"German Grand Prix";"1974-08-04";1974;"Lauda";"Niki";"Accident"
"Austrian Grand Prix";"1974-08-18";1974;"Lauda";"Niki";"Engine"
"Italian Grand Prix";"1974-09-08";1974;"Regazzoni";"Clay";"Engine"
"Italian Grand Prix";"1974-09-08";1974;"Lauda";"Niki";"Engine"
"Canadian Grand Prix";"1974-09-22";1974;"Lauda";"Niki";"Accident"
"United States Grand Prix";"1974-10-06";1974;"Lauda";"Niki";"Suspension"
"Spanish Grand Prix";"1975-04-27";1975;"Regazzoni";"Clay";"Not classified"
"Spanish Grand Prix";"1975-04-27";1975;"Lauda";"Niki";"Accident"
"Monaco Grand Prix";"1975-05-11";1975;"Regazzoni";"Clay";"Accident"
"French Grand Prix";"1975-07-06";1975;"Regazzoni";"Clay";"Engine"
"German Grand Prix";"1975-08-03";1975;"Regazzoni";"Clay";"Engine"
"United States Grand Prix";"1975-10-05";1975;"Regazzoni";"Clay";"Withdrew"
"South African Grand Prix";"1976-03-06";1976;"Regazzoni";"Clay";"Engine"
"French Grand Prix";"1976-07-04";1976;"Regazzoni";"Clay";"Engine"
"French Grand Prix";"1976-07-04";1976;"Lauda";"Niki";"Engine"
"British Grand Prix";"1976-07-18";1976;"Regazzoni";"Clay";"Oil pressure"
"German Grand Prix";"1976-08-01";1976;"Lauda";"Niki";"Accident"
"Japanese Grand Prix";"1976-10-24";1976;"Lauda";"Niki";"Withdrew"
"Argentine Grand Prix";"1977-01-09";1977;"Lauda";"Niki";"Fuel system"
"United States Grand Prix West";"1977-04-03";1977;"Reutemann";"Carlos";"Accident"
"Spanish Grand Prix";"1977-05-08";1977;"Lauda";"Niki";"Injured"
"Belgian Grand Prix";"1977-06-05";1977;"Reutemann";"Carlos";"Accident"
"Swedish Grand Prix";"1977-06-19";1977;"Lauda";"Niki";"Handling"
"Italian Grand Prix";"1977-09-11";1977;"Reutemann";"Carlos";"Spun off"
"Canadian Grand Prix";"1977-10-09";1977;"Reutemann";"Carlos";"Fuel system"
"Japanese Grand Prix";"1977-10-23";1977;"Villeneuve";"Gilles";"Accident"
"Brazilian Grand Prix";"1978-01-29";1978;"Villeneuve";"Gilles";"Spun off"
"South African Grand Prix";"1978-03-04";1978;"Villeneuve";"Gilles";"Oil leak"
"South African Grand Prix";"1978-03-04";1978;"Reutemann";"Carlos";"Spun off"
"United States Grand Prix West";"1978-04-02";1978;"Villeneuve";"Gilles";"Accident"
"Monaco Grand Prix";"1978-05-07";1978;"Villeneuve";"Gilles";"Accident"
"Spanish Grand Prix";"1978-06-04";1978;"Reutemann";"Carlos";"Accident"
"British Grand Prix";"1978-07-16";1978;"Villeneuve";"Gilles";"Transmission"
"German Grand Prix";"1978-07-30";1978;"Reutemann";"Carlos";"Fuel system"
"Austrian Grand Prix";"1978-08-13";1978;"Reutemann";"Carlos";"Disqualified"
"United States Grand Prix";"1978-10-01";1978;"Villeneuve";"Gilles";"Engine"
"Argentine Grand Prix";"1979-01-21";1979;"Villeneuve";"Gilles";"Engine"
"Argentine Grand Prix";"1979-01-21";1979;"Scheckter";"Jody";"Collision"
"Monaco Grand Prix";"1979-05-27";1979;"Villeneuve";"Gilles";"Transmission"
"Dutch Grand Prix";"1979-08-26";1979;"Villeneuve";"Gilles";"Tyre"
"United States Grand Prix";"1979-10-07";1979;"Scheckter";"Jody";"Tyre"
"Argentine Grand Prix";"1980-01-13";1980;"Scheckter";"Jody";"Engine"
"Argentine Grand Prix";"1980-01-13";1980;"Villeneuve";"Gilles";"Accident"
"Brazilian Grand Prix";"1980-01-27";1980;"Scheckter";"Jody";"Engine"
"South African Grand Prix";"1980-03-01";1980;"Villeneuve";"Gilles";"Transmission"
"South African Grand Prix";"1980-03-01";1980;"Scheckter";"Jody";"Engine"
"United States Grand Prix West";"1980-03-30";1980;"Villeneuve";"Gilles";"Transmission"
"Monaco Grand Prix";"1980-05-18";1980;"Scheckter";"Jody";"Handling"
"British Grand Prix";"1980-07-13";1980;"Villeneuve";"Gilles";"Engine"
"Italian Grand Prix";"1980-09-14";1980;"Villeneuve";"Gilles";"Puncture"
"Canadian Grand Prix";"1980-09-28";1980;"Scheckter";"Jody";"Did not qualify"
"United States Grand Prix";"1980-10-05";1980;"Villeneuve";"Gilles";"Accident"
"United States Grand Prix West";"1981-03-15";1981;"Pironi";"Didier";"Fuel system"
"United States Grand Prix West";"1981-03-15";1981;"Villeneuve";"Gilles";"Halfshaft"
"Brazilian Grand Prix";"1981-03-29";1981;"Villeneuve";"Gilles";"Turbo"
"Brazilian Grand Prix";"1981-03-29";1981;"Pironi";"Didier";"Collision"
"Argentine Grand Prix";"1981-04-12";1981;"Villeneuve";"Gilles";"Transmission"
"Argentine Grand Prix";"1981-04-12";1981;"Pironi";"Didier";"Engine"
"French Grand Prix";"1981-07-05";1981;"Villeneuve";"Gilles";"Electrical"
"British Grand Prix";"1981-07-18";1981;"Pironi";"Didier";"Turbo"
"British Grand Prix";"1981-07-18";1981;"Villeneuve";"Gilles";"Spun off"
"German Grand Prix";"1981-08-02";1981;"Pironi";"Didier";"Electrical"
"Austrian Grand Prix";"1981-08-16";1981;"Villeneuve";"Gilles";"Accident"
"Dutch Grand Prix";"1981-08-30";1981;"Pironi";"Didier";"Collision"
"Dutch Grand Prix";"1981-08-30";1981;"Villeneuve";"Gilles";"Collision"
"Italian Grand Prix";"1981-09-13";1981;"Villeneuve";"Gilles";"Engine"
"Canadian Grand Prix";"1981-09-27";1981;"Pironi";"Didier";"Ignition"
"Caesars Palace Grand Prix";"1981-10-17";1981;"Villeneuve";"Gilles";"Disqualified"
"South African Grand Prix";"1982-01-23";1982;"Villeneuve";"Gilles";"Turbo"
"Brazilian Grand Prix";"1982-03-21";1982;"Villeneuve";"Gilles";"Spun off"
"United States Grand Prix West";"1982-04-04";1982;"Villeneuve";"Gilles";"Disqualified"
"United States Grand Prix West";"1982-04-04";1982;"Pironi";"Didier";"Spun off"
"Belgian Grand Prix";"1982-05-09";1982;"Pironi";"Didier";"Withdrew"
"Belgian Grand Prix";"1982-05-09";1982;"Villeneuve";"Gilles";"Accident"
"German Grand Prix";"1982-08-08";1982;"Pironi";"Didier";"Accident"
"Swiss Grand Prix";"1982-08-29";1982;"Tambay";"Patrick";"Injury"
"Caesars Palace Grand Prix";"1982-09-25";1982;"Andretti";"Mario";"Suspension"
"Caesars Palace Grand Prix";"1982-09-25";1982;"Tambay";"Patrick";"Withdrew"
"United States Grand Prix West";"1983-03-27";1983;"Tambay";"Patrick";"Collision"
"Monaco Grand Prix";"1983-05-15";1983;"Arnoux";"René";"Suspension"
"Belgian Grand Prix";"1983-05-22";1983;"Arnoux";"René";"Engine"
"Detroit Grand Prix";"1983-06-05";1983;"Arnoux";"René";"Electrical"
"Detroit Grand Prix";"1983-06-05";1983;"Tambay";"Patrick";"Engine"
"German Grand Prix";"1983-08-07";1983;"Tambay";"Patrick";"Engine"
"Austrian Grand Prix";"1983-08-14";1983;"Tambay";"Patrick";"Ignition"
"European Grand Prix";"1983-09-25";1983;"Tambay";"Patrick";"Spun off"
"South African Grand Prix";"1983-10-15";1983;"Tambay";"Patrick";"Turbo"
"South African Grand Prix";"1983-10-15";1983;"Arnoux";"René";"Engine"
"Brazilian Grand Prix";"1984-03-25";1984;"Arnoux";"René";"Battery"
"Brazilian Grand Prix";"1984-03-25";1984;"Alboreto";"Michele";"Brakes"
"South African Grand Prix";"1984-04-07";1984;"Arnoux";"René";"Injection"
"San Marino Grand Prix";"1984-05-06";1984;"Alboreto";"Michele";"Exhaust"
"French Grand Prix";"1984-05-20";1984;"Alboreto";"Michele";"Engine"
"Canadian Grand Prix";"1984-06-17";1984;"Alboreto";"Michele";"Engine"
"Detroit Grand Prix";"1984-06-24";1984;"Alboreto";"Michele";"Engine"
"Detroit Grand Prix";"1984-06-24";1984;"Arnoux";"René";"Accident"
"Dallas Grand Prix";"1984-07-08";1984;"Alboreto";"Michele";"Spun off"
"German Grand Prix";"1984-08-05";1984;"Alboreto";"Michele";"Engine"
"Dutch Grand Prix";"1984-08-26";1984;"Alboreto";"Michele";"Engine"
"Italian Grand Prix";"1984-09-09";1984;"Arnoux";"René";"Gearbox"
"San Marino Grand Prix";"1985-05-05";1985;"Alboreto";"Michele";"Electrical"
"Monaco Grand Prix";"1985-05-19";1985;"Johansson";"Stefan";"Accident"
"French Grand Prix";"1985-07-07";1985;"Alboreto";"Michele";"Turbo"
"British Grand Prix";"1985-07-21";1985;"Johansson";"Stefan";"Accident"
"Dutch Grand Prix";"1985-08-25";1985;"Johansson";"Stefan";"Engine"
"Belgian Grand Prix";"1985-09-15";1985;"Johansson";"Stefan";"Spun off"
"Belgian Grand Prix";"1985-09-15";1985;"Alboreto";"Michele";"Clutch"
"European Grand Prix";"1985-10-06";1985;"Johansson";"Stefan";"Electrical"
"European Grand Prix";"1985-10-06";1985;"Alboreto";"Michele";"Turbo"
"South African Grand Prix";"1985-10-19";1985;"Alboreto";"Michele";"Turbo"
"Australian Grand Prix";"1985-11-03";1985;"Alboreto";"Michele";"Transmission"
"Brazilian Grand Prix";"1986-03-23";1986;"Alboreto";"Michele";"Fuel system"
"Brazilian Grand Prix";"1986-03-23";1986;"Johansson";"Stefan";"Brakes"
"Spanish Grand Prix";"1986-04-13";1986;"Alboreto";"Michele";"Wheel bearing"
"Spanish Grand Prix";"1986-04-13";1986;"Johansson";"Stefan";"Brakes"
"Monaco Grand Prix";"1986-05-11";1986;"Alboreto";"Michele";"Turbo"
"Canadian Grand Prix";"1986-06-15";1986;"Johansson";"Stefan";"Accident"
"Detroit Grand Prix";"1986-06-22";1986;"Johansson";"Stefan";"Electrical"
"French Grand Prix";"1986-07-06";1986;"Johansson";"Stefan";"Turbo"
"British Grand Prix";"1986-07-13";1986;"Alboreto";"Michele";"Turbo"
"British Grand Prix";"1986-07-13";1986;"Johansson";"Stefan";"Engine"
"German Grand Prix";"1986-07-27";1986;"Alboreto";"Michele";"Transmission"
"Hungarian Grand Prix";"1986-08-10";1986;"Alboreto";"Michele";"Accident"
"Italian Grand Prix";"1986-09-07";1986;"Alboreto";"Michele";"Engine"
"Mexican Grand Prix";"1986-10-12";1986;"Alboreto";"Michele";"Turbo"
"Australian Grand Prix";"1986-10-26";1986;"Alboreto";"Michele";"Accident"
"San Marino Grand Prix";"1987-05-03";1987;"Berger";"Gerhard";"Electrical"
"Belgian Grand Prix";"1987-05-17";1987;"Alboreto";"Michele";"Transmission"
"Belgian Grand Prix";"1987-05-17";1987;"Berger";"Gerhard";"Engine"
"Detroit Grand Prix";"1987-06-21";1987;"Alboreto";"Michele";"Gearbox"
"French Grand Prix";"1987-07-05";1987;"Berger";"Gerhard";"Suspension"
"French Grand Prix";"1987-07-05";1987;"Alboreto";"Michele";"Engine"
"British Grand Prix";"1987-07-12";1987;"Alboreto";"Michele";"Suspension"
"British Grand Prix";"1987-07-12";1987;"Berger";"Gerhard";"Accident"
"German Grand Prix";"1987-07-26";1987;"Berger";"Gerhard";"Turbo"
"German Grand Prix";"1987-07-26";1987;"Alboreto";"Michele";"Turbo"
"Hungarian Grand Prix";"1987-08-09";1987;"Alboreto";"Michele";"Engine"
"Hungarian Grand Prix";"1987-08-09";1987;"Berger";"Gerhard";"Differential"
"Austrian Grand Prix";"1987-08-16";1987;"Alboreto";"Michele";"Turbo"
"Austrian Grand Prix";"1987-08-16";1987;"Berger";"Gerhard";"Turbo"
"Italian Grand Prix";"1987-09-06";1987;"Alboreto";"Michele";"Turbo"
"Portuguese Grand Prix";"1987-09-20";1987;"Alboreto";"Michele";"Gearbox"
"Spanish Grand Prix";"1987-09-27";1987;"Berger";"Gerhard";"Engine"
"Mexican Grand Prix";"1987-10-18";1987;"Berger";"Gerhard";"Turbo"
"Mexican Grand Prix";"1987-10-18";1987;"Alboreto";"Michele";"Engine"
"Canadian Grand Prix";"1988-06-12";1988;"Alboreto";"Michele";"Engine"
"Canadian Grand Prix";"1988-06-12";1988;"Berger";"Gerhard";"Electrical"
"Detroit Grand Prix";"1988-06-19";1988;"Alboreto";"Michele";"Collision"
"Detroit Grand Prix";"1988-06-19";1988;"Berger";"Gerhard";"Puncture"
"Hungarian Grand Prix";"1988-08-07";1988;"Alboreto";"Michele";"Electrical"
"Belgian Grand Prix";"1988-08-28";1988;"Alboreto";"Michele";"Engine"
"Belgian Grand Prix";"1988-08-28";1988;"Berger";"Gerhard";"Injection"
"Portuguese Grand Prix";"1988-09-25";1988;"Berger";"Gerhard";"Spun off"
"Spanish Grand Prix";"1988-10-02";1988;"Alboreto";"Michele";"Engine"
"Australian Grand Prix";"1988-11-13";1988;"Berger";"Gerhard";"Collision"
"Australian Grand Prix";"1988-11-13";1988;"Alboreto";"Michele";"Collision"
"Brazilian Grand Prix";"1989-03-26";1989;"Berger";"Gerhard";"Collision"
"San Marino Grand Prix";"1989-04-23";1989;"Mansell";"Nigel";"Gearbox"
"San Marino Grand Prix";"1989-04-23";1989;"Berger";"Gerhard";"Accident"
"Monaco Grand Prix";"1989-05-07";1989;"Mansell";"Nigel";"Gearbox"
"Mexican Grand Prix";"1989-05-28";1989;"Mansell";"Nigel";"Gearbox"
"Mexican Grand Prix";"1989-05-28";1989;"Berger";"Gerhard";"Gearbox"
"United States Grand Prix";"1989-06-04";1989;"Berger";"Gerhard";"Alternator"
"United States Grand Prix";"1989-06-04";1989;"Mansell";"Nigel";"Alternator"
"Canadian Grand Prix";"1989-06-18";1989;"Berger";"Gerhard";"Gearbox"
"Canadian Grand Prix";"1989-06-18";1989;"Mansell";"Nigel";"Disqualified"
"French Grand Prix";"1989-07-09";1989;"Berger";"Gerhard";"Clutch"
"British Grand Prix";"1989-07-16";1989;"Berger";"Gerhard";"Fire"
"German Grand Prix";"1989-07-30";1989;"Berger";"Gerhard";"Spun off"
"Hungarian Grand Prix";"1989-08-13";1989;"Berger";"Gerhard";"Gearbox"
"Belgian Grand Prix";"1989-08-27";1989;"Berger";"Gerhard";"Spun off"
"Italian Grand Prix";"1989-09-10";1989;"Mansell";"Nigel";"Gearbox"
"Portuguese Grand Prix";"1989-09-24";1989;"Mansell";"Nigel";"Disqualified"
"Japanese Grand Prix";"1989-10-22";1989;"Mansell";"Nigel";"Engine"
"Japanese Grand Prix";"1989-10-22";1989;"Berger";"Gerhard";"Gearbox"
"Australian Grand Prix";"1989-11-05";1989;"Mansell";"Nigel";"Spun off"
"Australian Grand Prix";"1989-11-05";1989;"Berger";"Gerhard";"Collision"
"United States Grand Prix";"1990-03-11";1990;"Mansell";"Nigel";"Clutch"
"United States Grand Prix";"1990-03-11";1990;"Prost";"Alain";"Oil leak"
"San Marino Grand Prix";"1990-05-13";1990;"Mansell";"Nigel";"Engine"
"Monaco Grand Prix";"1990-05-27";1990;"Mansell";"Nigel";"Battery"
"Monaco Grand Prix";"1990-05-27";1990;"Prost";"Alain";"Battery"
"British Grand Prix";"1990-07-15";1990;"Mansell";"Nigel";"Gearbox"
"German Grand Prix";"1990-07-29";1990;"Mansell";"Nigel";"Broken wing"
"Hungarian Grand Prix";"1990-08-12";1990;"Prost";"Alain";"Gearbox"
"Belgian Grand Prix";"1990-08-26";1990;"Mansell";"Nigel";"Handling"
"Japanese Grand Prix";"1990-10-21";1990;"Mansell";"Nigel";"Transmission"
"Japanese Grand Prix";"1990-10-21";1990;"Prost";"Alain";"Collision"
"San Marino Grand Prix";"1991-04-28";1991;"Alesi";"Jean";"Spun off"
"San Marino Grand Prix";"1991-04-28";1991;"Prost";"Alain";"Spun off"
"Canadian Grand Prix";"1991-06-02";1991;"Alesi";"Jean";"Engine"
"Canadian Grand Prix";"1991-06-02";1991;"Prost";"Alain";"Gearbox"
"Mexican Grand Prix";"1991-06-16";1991;"Alesi";"Jean";"Clutch"
"Mexican Grand Prix";"1991-06-16";1991;"Prost";"Alain";"Alternator"
"British Grand Prix";"1991-07-14";1991;"Alesi";"Jean";"Collision"
"German Grand Prix";"1991-07-28";1991;"Prost";"Alain";"Spun off"
"Hungarian Grand Prix";"1991-08-11";1991;"Prost";"Alain";"Engine"
"Belgian Grand Prix";"1991-08-25";1991;"Alesi";"Jean";"Engine"
"Belgian Grand Prix";"1991-08-25";1991;"Prost";"Alain";"Fuel leak"
"Italian Grand Prix";"1991-09-08";1991;"Alesi";"Jean";"Engine"
"Portuguese Grand Prix";"1991-09-22";1991;"Prost";"Alain";"Engine"
"Japanese Grand Prix";"1991-10-20";1991;"Alesi";"Jean";"Engine"
"Australian Grand Prix";"1991-11-03";1991;"Alesi";"Jean";"Accident"
"South African Grand Prix";"1992-03-01";1992;"Alesi";"Jean";"Engine"
"South African Grand Prix";"1992-03-01";1992;"Capelli";"Ivan";"Engine"
"Mexican Grand Prix";"1992-03-22";1992;"Alesi";"Jean";"Engine"
"Mexican Grand Prix";"1992-03-22";1992;"Capelli";"Ivan";"Collision"
"San Marino Grand Prix";"1992-05-17";1992;"Alesi";"Jean";"Collision"
"San Marino Grand Prix";"1992-05-17";1992;"Capelli";"Ivan";"Spun off"
"Monaco Grand Prix";"1992-05-31";1992;"Capelli";"Ivan";"Spun off"
"Monaco Grand Prix";"1992-05-31";1992;"Alesi";"Jean";"Gearbox"
"Canadian Grand Prix";"1992-06-14";1992;"Capelli";"Ivan";"Spun off"
"French Grand Prix";"1992-07-05";1992;"Alesi";"Jean";"Engine"
"French Grand Prix";"1992-07-05";1992;"Capelli";"Ivan";"Engine"
"British Grand Prix";"1992-07-12";1992;"Alesi";"Jean";"Mechanical"
"German Grand Prix";"1992-07-26";1992;"Capelli";"Ivan";"Engine"
"Hungarian Grand Prix";"1992-08-16";1992;"Alesi";"Jean";"Spun off"
"Belgian Grand Prix";"1992-08-30";1992;"Capelli";"Ivan";"Engine"
"Belgian Grand Prix";"1992-08-30";1992;"Alesi";"Jean";"Puncture"
"Italian Grand Prix";"1992-09-13";1992;"Alesi";"Jean";"Fuel system"
"Italian Grand Prix";"1992-09-13";1992;"Capelli";"Ivan";"Electrical"
"Portuguese Grand Prix";"1992-09-27";1992;"Capelli";"Ivan";"Engine"
"Portuguese Grand Prix";"1992-09-27";1992;"Alesi";"Jean";"Spun off"
"South African Grand Prix";"1993-03-14";1993;"Alesi";"Jean";"Suspension"
"Brazilian Grand Prix";"1993-03-28";1993;"Berger";"Gerhard";"Collision"
"European Grand Prix";"1993-04-11";1993;"Alesi";"Jean";"Gearbox"
"European Grand Prix";"1993-04-11";1993;"Berger";"Gerhard";"Suspension"
"San Marino Grand Prix";"1993-04-25";1993;"Alesi";"Jean";"Clutch"
"San Marino Grand Prix";"1993-04-25";1993;"Berger";"Gerhard";"Gearbox"
"Spanish Grand Prix";"1993-05-09";1993;"Alesi";"Jean";"Engine"
"Canadian Grand Prix";"1993-06-13";1993;"Alesi";"Jean";"Engine"
"French Grand Prix";"1993-07-04";1993;"Alesi";"Jean";"Engine"
"British Grand Prix";"1993-07-11";1993;"Berger";"Gerhard";"Suspension"
"Hungarian Grand Prix";"1993-08-15";1993;"Alesi";"Jean";"Spun off"
"Belgian Grand Prix";"1993-08-29";1993;"Alesi";"Jean";"Suspension"
"Italian Grand Prix";"1993-09-12";1993;"Berger";"Gerhard";"Suspension"
"Portuguese Grand Prix";"1993-09-26";1993;"Berger";"Gerhard";"Accident"
"Japanese Grand Prix";"1993-10-24";1993;"Berger";"Gerhard";"Engine"
"Japanese Grand Prix";"1993-10-24";1993;"Alesi";"Jean";"Engine"
"Brazilian Grand Prix";"1994-03-27";1994;"Berger";"Gerhard";"Engine"
"Pacific Grand Prix";"1994-04-17";1994;"Larini";"Nicola";"Collision"
"San Marino Grand Prix";"1994-05-01";1994;"Berger";"Gerhard";"Suspension"
"Spanish Grand Prix";"1994-05-29";1994;"Berger";"Gerhard";"Gearbox"
"French Grand Prix";"1994-07-03";1994;"Alesi";"Jean";"Collision"
"British Grand Prix";"1994-07-10";1994;"Berger";"Gerhard";"Engine"
"German Grand Prix";"1994-07-31";1994;"Alesi";"Jean";"Electrical"
"Hungarian Grand Prix";"1994-08-14";1994;"Alesi";"Jean";"Gearbox"
"Belgian Grand Prix";"1994-08-28";1994;"Berger";"Gerhard";"Engine"
"Belgian Grand Prix";"1994-08-28";1994;"Alesi";"Jean";"Engine"
"Italian Grand Prix";"1994-09-11";1994;"Alesi";"Jean";"Gearbox"
"Portuguese Grand Prix";"1994-09-25";1994;"Alesi";"Jean";"Collision"
"Portuguese Grand Prix";"1994-09-25";1994;"Berger";"Gerhard";"Gearbox"
"Japanese Grand Prix";"1994-11-06";1994;"Berger";"Gerhard";"Ignition"
"Spanish Grand Prix";"1995-05-14";1995;"Alesi";"Jean";"Engine"
"Monaco Grand Prix";"1995-05-28";1995;"Alesi";"Jean";"Spun off"
"British Grand Prix";"1995-07-16";1995;"Berger";"Gerhard";"Wheel"
"German Grand Prix";"1995-07-30";1995;"Alesi";"Jean";"Engine"
"Hungarian Grand Prix";"1995-08-13";1995;"Alesi";"Jean";"Brakes"
"Belgian Grand Prix";"1995-08-27";1995;"Berger";"Gerhard";"Electrical"
"Belgian Grand Prix";"1995-08-27";1995;"Alesi";"Jean";"Suspension"
"Italian Grand Prix";"1995-09-10";1995;"Alesi";"Jean";"Wheel bearing"
"Italian Grand Prix";"1995-09-10";1995;"Berger";"Gerhard";"Suspension"
"European Grand Prix";"1995-10-01";1995;"Berger";"Gerhard";"Electrical"
"Japanese Grand Prix";"1995-10-29";1995;"Alesi";"Jean";"Engine"
"Japanese Grand Prix";"1995-10-29";1995;"Berger";"Gerhard";"Electrical"
"Australian Grand Prix";"1995-11-12";1995;"Berger";"Gerhard";"Engine"
"Australian Grand Prix";"1995-11-12";1995;"Alesi";"Jean";"Collision"
"Australian Grand Prix";"1996-03-10";1996;"Schumacher";"Michael";"Brakes"
"Argentine Grand Prix";"1996-04-07";1996;"Schumacher";"Michael";"Broken wing"
"European Grand Prix";"1996-04-28";1996;"Irvine";"Eddie";"Electrical"
"Monaco Grand Prix";"1996-05-19";1996;"Schumacher";"Michael";"Spun off"
"Spanish Grand Prix";"1996-06-02";1996;"Irvine";"Eddie";"Spun off"
"Canadian Grand Prix";"1996-06-16";1996;"Schumacher";"Michael";"Halfshaft"
"Canadian Grand Prix";"1996-06-16";1996;"Irvine";"Eddie";"Suspension"
"French Grand Prix";"1996-06-30";1996;"Irvine";"Eddie";"Gearbox"
"French Grand Prix";"1996-06-30";1996;"Schumacher";"Michael";"Engine"
"British Grand Prix";"1996-07-14";1996;"Irvine";"Eddie";"Differential"
"British Grand Prix";"1996-07-14";1996;"Schumacher";"Michael";"Hydraulics"
"German Grand Prix";"1996-07-28";1996;"Irvine";"Eddie";"Engine"
"Hungarian Grand Prix";"1996-08-11";1996;"Irvine";"Eddie";"Gearbox"
"Belgian Grand Prix";"1996-08-25";1996;"Irvine";"Eddie";"Gearbox"
"Italian Grand Prix";"1996-09-08";1996;"Irvine";"Eddie";"Spun off"
"Japanese Grand Prix";"1996-10-13";1996;"Irvine";"Eddie";"Collision"
"Australian Grand Prix";"1997-03-09";1997;"Irvine";"Eddie";"Collision"
"Argentine Grand Prix";"1997-04-13";1997;"Schumacher";"Michael";"Collision"
"Canadian Grand Prix";"1997-06-15";1997;"Irvine";"Eddie";"Accident"
"British Grand Prix";"1997-07-13";1997;"Irvine";"Eddie";"Halfshaft"
"British Grand Prix";"1997-07-13";1997;"Schumacher";"Michael";"Wheel"
"German Grand Prix";"1997-07-27";1997;"Irvine";"Eddie";"Collision"
"Austrian Grand Prix";"1997-09-21";1997;"Irvine";"Eddie";"Collision"
"Luxembourg Grand Prix";"1997-09-28";1997;"Irvine";"Eddie";"Engine"
"Luxembourg Grand Prix";"1997-09-28";1997;"Schumacher";"Michael";"Suspension"
"European Grand Prix";"1997-10-26";1997;"Schumacher";"Michael";"Collision"
"Australian Grand Prix";"1998-03-08";1998;"Schumacher";"Michael";"Engine"
"Spanish Grand Prix";"1998-05-10";1998;"Irvine";"Eddie";"Collision"
"Hungarian Grand Prix";"1998-08-16";1998;"Irvine";"Eddie";"Gearbox"
"Belgian Grand Prix";"1998-08-30";1998;"Schumacher";"Michael";"Collision"
"Belgian Grand Prix";"1998-08-30";1998;"Irvine";"Eddie";"Spun off"
"Japanese Grand Prix";"1998-11-01";1998;"Schumacher";"Michael";"Tyre"
"San Marino Grand Prix";"1999-05-02";1999;"Irvine";"Eddie";"Engine"
"Canadian Grand Prix";"1999-06-13";1999;"Schumacher";"Michael";"Spun off"
"British Grand Prix";"1999-07-11";1999;"Schumacher";"Michael";"Brakes"
"European Grand Prix";"1999-09-26";1999;"Salo";"Mika";"Brakes"
"Brazilian Grand Prix";"2000-03-26";2000;"Barrichello";"Rubens";"Hydraulics"
"British Grand Prix";"2000-04-23";2000;"Barrichello";"Rubens";"Hydraulics"
"Monaco Grand Prix";"2000-06-04";2000;"Schumacher";"Michael";"Suspension"
"French Grand Prix";"2000-07-02";2000;"Schumacher";"Michael";"Engine"
"Austrian Grand Prix";"2000-07-16";2000;"Schumacher";"Michael";"Collision"
"German Grand Prix";"2000-07-30";2000;"Schumacher";"Michael";"Collision"
"Belgian Grand Prix";"2000-08-27";2000;"Barrichello";"Rubens";"Fuel pressure"
"Italian Grand Prix";"2000-09-10";2000;"Barrichello";"Rubens";"Collision"
"Brazilian Grand Prix";"2001-04-01";2001;"Barrichello";"Rubens";"Collision"
"San Marino Grand Prix";"2001-04-15";2001;"Schumacher";"Michael";"Suspension"
"Spanish Grand Prix";"2001-04-29";2001;"Barrichello";"Rubens";"Suspension"
"Canadian Grand Prix";"2001-06-10";2001;"Barrichello";"Rubens";"Spun off"
"German Grand Prix";"2001-07-29";2001;"Schumacher";"Michael";"Fuel pressure"
"Australian Grand Prix";"2002-03-03";2002;"Barrichello";"Rubens";"Collision"
"Malaysian Grand Prix";"2002-03-17";2002;"Barrichello";"Rubens";"Engine"
"Brazilian Grand Prix";"2002-03-31";2002;"Barrichello";"Rubens";"Hydraulics"
"Spanish Grand Prix";"2002-04-28";2002;"Barrichello";"Rubens";"Gearbox"
"French Grand Prix";"2002-07-21";2002;"Barrichello";"Rubens";"Ignition"
"Australian Grand Prix";"2003-03-09";2003;"Barrichello";"Rubens";"Accident"
"Brazilian Grand Prix";"2003-04-06";2003;"Barrichello";"Rubens";"Fuel system"
"Brazilian Grand Prix";"2003-04-06";2003;"Schumacher";"Michael";"Accident"
"German Grand Prix";"2003-08-03";2003;"Barrichello";"Rubens";"Accident"
"Hungarian Grand Prix";"2003-08-24";2003;"Barrichello";"Rubens";"Suspension"
"United States Grand Prix";"2003-09-28";2003;"Barrichello";"Rubens";"Collision"
"Monaco Grand Prix";"2004-05-23";2004;"Schumacher";"Michael";"Collision"
"Japanese Grand Prix";"2004-10-10";2004;"Barrichello";"Rubens";"Collision"
"Australian Grand Prix";"2005-03-06";2005;"Schumacher";"Michael";"Accident"
"Malaysian Grand Prix";"2005-03-20";2005;"Barrichello";"Rubens";"Tyre"
"Bahrain Grand Prix";"2005-04-03";2005;"Schumacher";"Michael";"Hydraulics"
"San Marino Grand Prix";"2005-04-24";2005;"Barrichello";"Rubens";"Electrical"
"Spanish Grand Prix";"2005-05-08";2005;"Schumacher";"Michael";"Puncture"
"Turkish Grand Prix";"2005-08-21";2005;"Schumacher";"Michael";"Retired"
"Belgian Grand Prix";"2005-09-11";2005;"Schumacher";"Michael";"Accident"
"Chinese Grand Prix";"2005-10-16";2005;"Schumacher";"Michael";"Spun off"
"Australian Grand Prix";"2006-04-02";2006;"Schumacher";"Michael";"Accident"
"Australian Grand Prix";"2006-04-02";2006;"Massa";"Felipe";"Accident"
"Chinese Grand Prix";"2006-10-01";2006;"Massa";"Felipe";"Collision"
"Japanese Grand Prix";"2006-10-08";2006;"Schumacher";"Michael";"Engine"
"Spanish Grand Prix";"2007-05-13";2007;"Räikkönen";"Kimi";"Suspension"
"Canadian Grand Prix";"2007-06-10";2007;"Massa";"Felipe";"Disqualified"
"European Grand Prix";"2007-07-22";2007;"Räikkönen";"Kimi";"Hydraulics"
"Italian Grand Prix";"2007-09-09";2007;"Massa";"Felipe";"Suspension"
"Australian Grand Prix";"2008-03-16";2008;"Massa";"Felipe";"Engine"
"Malaysian Grand Prix";"2008-03-23";2008;"Massa";"Felipe";"Spun off"
"Canadian Grand Prix";"2008-06-08";2008;"Räikkönen";"Kimi";"Collision"
"European Grand Prix";"2008-08-24";2008;"Räikkönen";"Kimi";"Engine"
"Australian Grand Prix";"2009-03-29";2009;"Massa";"Felipe";"Suspension"
"Chinese Grand Prix";"2009-04-19";2009;"Massa";"Felipe";"Electronics"
"Spanish Grand Prix";"2009-05-10";2009;"Räikkönen";"Kimi";"Hydraulics"
"German Grand Prix";"2009-07-12";2009;"Räikkönen";"Kimi";"Engine"
"Hungarian Grand Prix";"2009-07-26";2009;"Massa";"Felipe";"Withdrew"
"Belgian Grand Prix";"2010-08-29";2010;"Alonso";"Fernando";"Accident"
"Japanese Grand Prix";"2010-10-10";2010;"Massa";"Felipe";"Accident"
"Spanish Grand Prix";"2011-05-22";2011;"Massa";"Felipe";"Gearbox"
"Monaco Grand Prix";"2011-05-29";2011;"Massa";"Felipe";"Accident"
"Canadian Grand Prix";"2011-06-12";2011;"Alonso";"Fernando";"Collision"
"Indian Grand Prix";"2011-10-30";2011;"Massa";"Felipe";"Suspension"
"Australian Grand Prix";"2012-03-18";2012;"Massa";"Felipe";"Collision"
"Belgian Grand Prix";"2012-09-02";2012;"Alonso";"Fernando";"Collision"
"Japanese Grand Prix";"2012-10-07";2012;"Alonso";"Fernando";"Collision"
"Malaysian Grand Prix";"2013-03-24";2013;"Alonso";"Fernando";"Collision"
"Monaco Grand Prix";"2013-05-26";2013;"Massa";"Felipe";"Accident"
"German Grand Prix";"2013-07-07";2013;"Massa";"Felipe";"Spun off"
"British Grand Prix";"2014-07-06";2014;"Räikkönen";"Kimi";"Collision"
"Italian Grand Prix";"2014-09-07";2014;"Alonso";"Fernando";"Engine"
"Japanese Grand Prix";"2014-10-05";2014;"Alonso";"Fernando";"Electronics"
"Australian Grand Prix";"2015-03-15";2015;"Räikkönen";"Kimi";"Wheel"
"Austrian Grand Prix";"2015-06-21";2015;"Räikkönen";"Kimi";"Collision"
"Hungarian Grand Prix";"2015-07-26";2015;"Räikkönen";"Kimi";"Power Unit"
"United States Grand Prix";"2015-10-25";2015;"Räikkönen";"Kimi";"Brake duct"
"Mexican Grand Prix";"2015-11-01";2015;"Vettel";"Sebastian";"Accident"
"Mexican Grand Prix";"2015-11-01";2015;"Räikkönen";"Kimi";"Collision"
"Australian Grand Prix";"2016-03-20";2016;"Räikkönen";"Kimi";"Engine"
"Bahrain Grand Prix";"2016-04-03";2016;"Vettel";"Sebastian";"Engine"
"Russian Grand Prix";"2016-05-01";2016;"Vettel";"Sebastian";"Collision"
"Monaco Grand Prix";"2016-05-29";2016;"Räikkönen";"Kimi";"Accident"
"Austrian Grand Prix";"2016-07-03";2016;"Vettel";"Sebastian";"Tyre"
"Malaysian Grand Prix";"2016-10-02";2016;"Vettel";"Sebastian";"Collision"
"United States Grand Prix";"2016-10-23";2016;"Räikkönen";"Kimi";"Wheel"
"Brazilian Grand Prix";"2016-11-13";2016;"Räikkönen";"Kimi";"Collision"
"Spanish Grand Prix";"2017-05-14";2017;"Räikkönen";"Kimi";"Collision damage"
"Singapore Grand Prix";"2017-09-17";2017;"Vettel";"Sebastian";"Accident"
"Singapore Grand Prix";"2017-09-17";2017;"Räikkönen";"Kimi";"Accident"
"Malaysian Grand Prix";"2017-10-01";2017;"Räikkönen";"Kimi";"Battery"
"Japanese Grand Prix";"2017-10-08";2017;"Vettel";"Sebastian";"Spark plugs"
"Bahrain Grand Prix";"2018-04-08";2018;"Räikkönen";"Kimi";"Wheel"
"Spanish Grand Prix";"2018-05-13";2018;"Räikkönen";"Kimi";"Turbo"
"German Grand Prix";"2018-07-22";2018;"Vettel";"Sebastian";"Accident"
"Belgian Grand Prix";"2018-08-26";2018;"Räikkönen";"Kimi";"Brakes"
"Abu Dhabi Grand Prix";"2018-11-25";2018;"Räikkönen";"Kimi";"Power loss"
"Monaco Grand Prix";"2019-05-26";2019;"Leclerc";"Charles";"Collision"
"German Grand Prix";"2019-07-28";2019;"Leclerc";"Charles";"Accident"
"Russian Grand Prix";"2019-09-29";2019;"Vettel";"Sebastian";"Power loss"
"United States Grand Prix";"2019-11-03";2019;"Vettel";"Sebastian";"Suspension"
