surname;forename;number;code;dob;nationality
"Abate";"Carlo";\N;\N;"1932-07-10";"Italian"
"Abecassis";"George";\N;\N;"1913-03-21";"British"
"Acheson";"Kenny";\N;\N;"1957-11-27";"British"
"Adams";"Philippe";\N;\N;"1969-11-19";"Belgian"
"Ader";"Walt";\N;\N;"1913-12-15";"American"
"Adolff";"Kurt";\N;\N;"1921-11-05";"German"
"Agabashian";"Fred";\N;\N;"1913-08-21";"American"
"Ahrens";"Kurt";\N;\N;"1940-04-19";"German"
"Albers";"Christijan";\N;"ALB";"1979-04-16";"Dutch"
"Albon";"Alexander";23;"ALB";"1996-03-23";"Thai"
"Alboreto";"Michele";\N;\N;"1956-12-23";"Italian"
"Alesi";"Jean";\N;\N;"1964-06-11";"French"
"Alguersuari";"Jaime";\N;"ALG";"1990-03-23";"Spanish"
"Alliot";"Philippe";\N;\N;"1954-07-27";"French"
"Allison";"Cliff";\N;\N;"1932-02-08";"British"
"Alonso";"Fernando";14;"ALO";"1981-07-29";"Spanish"
"Amati";"Giovanna";\N;\N;"1959-07-20";"Italian"
"Amick";"Red";\N;\N;"1929-01-19";"American"
"Amick";"George";\N;\N;"1924-10-24";"American"
"Amon";"Chris";\N;\N;"1943-07-20";"New Zealander"
"Anderson";"Bob";\N;\N;"1931-05-19";"British"
"Andersson";"Conny";\N;\N;"1939-12-28";"Swedish"
"Andretti";"Michael";\N;\N;"1962-10-05";"American"
"Andretti";"Mario";\N;\N;"1940-02-28";"American"
"Andrews";"Keith";\N;\N;"1920-06-15";"American"
"Apicella";"Marco";\N;\N;"1965-10-07";"Italian"
"Armi";"Frank";\N;\N;"1918-10-12";"American"
"Arnold";"Chuck";\N;\N;"1926-05-30";"American"
"Arnoux";"René";\N;\N;"1948-07-04";"French"
"Arundell";"Peter";\N;\N;"1933-11-08";"British"
"Ascari";"Alberto";\N;\N;"1918-07-13";"Italian"
"Ashdown";"Peter";\N;\N;"1934-10-16";"British"
"Ashley";"Ian";\N;\N;"1947-10-26";"British"
"Ashmore";"Gerry";\N;\N;"1936-07-25";"British"
"Aston";"Bill";\N;\N;"1900-03-29";"British"
"Attwood";"Richard";\N;\N;"1940-04-04";"British"
"Ayulo";"Manny";\N;\N;"1921-10-20";"American"
"Badoer";"Luca";\N;"BAD";"1971-01-25";"Italian"
"Baghetti";"Giancarlo";\N;\N;"1934-12-25";"Italian"
"Bailey";"Julian";\N;\N;"1961-10-09";"British"
"Baldi";"Mauro";\N;\N;"1954-01-31";"Italian"
"Ball";"Bobby";\N;\N;"1925-08-26";"American"
"Balsa";"Marcel";\N;\N;"1909-01-01";"French"
"Bandini";"Lorenzo";\N;\N;"1935-12-21";"Italian"
"Banks";"Henry";\N;\N;"1913-06-14";"American"
"Barbazza";"Fabrizio";\N;\N;"1963-04-02";"Italian"
"Barber";"Skip";\N;\N;"1936-11-16";"American"
"Barber";"John";\N;\N;"1929-07-22";"British"
"Barilla";"Paolo";\N;\N;"1961-04-20";"Italian"
"Barrichello";"Rubens";\N;"BAR";"1972-05-23";"Brazilian"
"Bartels";"Michael";\N;\N;"1968-03-08";"German"
"Barth";"Edgar";\N;\N;"1917-01-26";"German"
"Bassi";"Giorgio";\N;\N;"1934-01-20";"Italian"
"Bauer";"Erwin";\N;\N;"1912-07-17";"German"
"Baumgartner";"Zsolt";\N;\N;"1981-01-01";"Hungarian"
"Bayol";"Élie";\N;\N;"1914-02-28";"French"
"Beauman";"Don";\N;\N;"1928-07-26";"British"
"Bechem";"Günther";\N;\N;"1921-12-21";"German"
"Behra";"Jean";\N;\N;"1921-02-16";"French"
"Bell";"Derek";\N;\N;"1941-10-31";"British"
"Bellof";"Stefan";\N;\N;"1957-11-20";"German"
"Belmondo";"Paul";\N;\N;"1963-04-23";"French"
"Belsø";"Tom";\N;\N;"1942-08-27";"Danish"
"Beltoise";"Jean-Pierre";\N;\N;"1937-04-26";"French"
"Beretta";"Olivier";\N;\N;"1969-11-23";"Monegasque"
"Berg";"Allen";\N;\N;"1961-08-01";"Canadian"
"Berger";"Gerhard";\N;\N;"1959-08-27";"Austrian"
"Berger";"Georges";\N;\N;"1918-09-14";"Belgian"
"Bernard";"Éric";\N;\N;"1964-08-24";"French"
"Bernoldi";"Enrique";\N;\N;"1978-10-19";"Brazilian"
"Bertaggia";"Enrico";\N;\N;"1964-09-19";"Italian"
"Bettenhausen";"Tony";\N;\N;"1916-09-12";"American"
"Beuttler";"Mike";\N;\N;"1940-04-13";"British"
"Bianchi";"Lucien";\N;"BIA";"1934-11-10";"Belgian"
"Bianchi";"Jules";17;"BIA";"1989-08-03";"French"
"Bianco";"Gino";\N;\N;"1916-07-22";"Brazilian"
"Binder";"Hans";\N;\N;"1948-06-12";"Austrian"
"Biondetti";"Clemente";\N;\N;"1898-08-18";"Italian"
"Bira";"Prince";\N;\N;"1914-07-15";"Thai"
"Birger";"Pablo";\N;\N;"1924-01-07";"Argentine"
"Bisch";"Art";\N;\N;"1926-11-10";"American"
"Blanchard";"Harry";\N;\N;"1929-06-13";"American"
"Bleekemolen";"Michael";\N;\N;"1949-10-02";"Dutch"
"Blignaut";"Alex";\N;\N;"1932-11-30";"South African"
"Blokdyk";"Trevor";\N;\N;"1935-11-30";"South African"
"Blundell";"Mark";\N;\N;"1966-04-08";"British"
"Boesel";"Raul";\N;\N;"1957-12-04";"Brazilian"
"Boffa";"Menato";\N;\N;"1930-01-04";"Italian"
"Bondurant";"Bob";\N;\N;"1933-04-27";"American"
"Bonetto";"Felice";\N;\N;"1903-06-09";"Italian"
"Bonnier";"Jo";\N;\N;"1930-01-31";"Swedish"
"Bonomi";"Roberto";\N;\N;"1919-09-30";"Argentine"
"Bordeu";"Juan Manuel";\N;\N;"1934-01-28";"Argentine"
"Borgudd";"Slim";\N;\N;"1946-11-25";"Swedish"
"Botha";"Luki";\N;\N;"1930-01-16";"South African"
"Bottas";"Valtteri";77;"BOT";"1989-08-28";"Finnish"
"Boullion";"Jean-Christophe";\N;\N;"1969-12-27";"French"
"Bourdais";"Sébastien";\N;"BOU";"1979-02-28";"French"
"Boutsen";"Thierry";\N;\N;"1957-07-13";"Belgian"
"Boyd";"Johnny";\N;\N;"1926-08-19";"American"
"Brabham";"David";\N;\N;"1965-09-05";"Australian"
"Brabham";"Gary";\N;\N;"1961-03-29";"Australian"
"Brabham";"Jack";\N;\N;"1926-04-02";"Australian"
"Brack";"Bill";\N;\N;"1935-12-26";"Canadian"
"Brambilla";"Vittorio";\N;\N;"1937-11-11";"Italian"
"Brambilla";"Ernesto";\N;\N;"1934-01-31";"Italian"
"Branca";"Toni";\N;\N;"1916-09-15";"Swiss"
"Brancatelli";"Gianfranco";\N;\N;"1950-01-18";"Italian"
"Brandon";"Eric";\N;\N;"1920-07-18";"British"
"Branson";"Don";\N;\N;"1920-06-02";"American"
"Bridger";"Tom";\N;\N;"1934-06-24";"British"
"Brise";"Tony";\N;\N;"1952-03-28";"British"
"Bristow";"Chris";\N;\N;"1937-12-02";"British"
"Broeker";"Peter";\N;\N;"1926-05-15";"Canadian"
"Brooks";"Tony";\N;\N;"1932-02-25";"British"
"Brown";"Warwick";\N;\N;"1949-12-24";"Australian"
"Brown";"Alan";\N;\N;"1919-11-20";"British"
"Brown";"Walt";\N;\N;"1911-12-30";"American"
"Brudes";"Adolf";\N;\N;"1899-10-15";"German"
"Brundle";"Martin";\N;\N;"1959-06-01";"British"
"Bruni";"Gianmaria";\N;\N;"1981-05-30";"Italian"
"Bryan";"Jimmy";\N;\N;"1926-01-28";"American"
"Bucci";"Clemar";\N;\N;"1920-09-04";"Argentine"
"Bucknum";"Ronnie";\N;\N;"1936-04-05";"American"
"Bueb";"Ivor";\N;\N;"1923-06-06";"British"
"Buemi";"Sébastien";\N;"BUE";"1988-10-31";"Swiss"
"Bueno";"Luiz";\N;\N;"1937-01-16";"Brazilian"
"Burgess";"Ian";\N;\N;"1930-07-06";"British"
"Burti";"Luciano";\N;\N;"1975-03-05";"Brazilian"
"Bussinello";"Roberto";\N;\N;"1927-10-04";"Italian"
"Button";"Jenson";22;"BUT";"1980-01-19";"British"
"Byrne";"Tommy";\N;\N;"1958-05-06";"Irish"
"Cabantous";"Yves";\N;\N;"1904-10-08";"French"
"Cabianca";"Giulio";\N;\N;"1923-02-19";"Italian"
"Cabral";"Mário de Araújo";\N;\N;"1934-01-15";"Portuguese"
"Cade";"Phil";\N;\N;"1916-06-12";"American"
"Caffi";"Alex";\N;\N;"1964-03-18";"Italian"
"Campbell-Jones";"John";\N;\N;"1930-01-21";"British"
"Campos";"Adrián";\N;\N;"1960-06-17";"Spanish"
"Cannon";"John";\N;\N;"1933-06-21";"Canadian"
"Cantoni";"Eitel";\N;\N;"1906-10-04";"Uruguayan"
"Cantrell";"Bill";\N;\N;"1908-01-31";"American"
"Capelli";"Ivan";\N;\N;"1963-05-24";"Italian"
"Carini";"Piero";\N;\N;"1921-03-06";"Italian"
"Carter";"Duane";\N;\N;"1913-05-05";"American"
"Castellotti";"Eugenio";\N;\N;"1930-10-10";"Italian"
"Cecotto";"Johnny";\N;\N;"1956-01-25";"Venezuelan"
"Cevert";"François";\N;\N;"1944-02-25";"French"
"Chaboud";"Eugène";\N;\N;"1907-04-12";"French"
"Chamberlain";"Jay";\N;\N;"1925-12-29";"American"
"Chandhok";"Karun";\N;"CHA";"1984-01-19";"Indian"
"Chapman";"Colin";\N;\N;"1928-05-19";"British"
"Charlton";"Dave";\N;\N;"1936-10-27";"South African"
"Chaves";"Pedro";\N;\N;"1965-02-27";"Portuguese"
"Cheesbourg";"Bill";\N;\N;"1927-06-12";"American"
"Cheever";"Eddie";\N;\N;"1958-01-10";"American"
"Chiesa";"Andrea";\N;\N;"1964-05-06";"Swiss"
"Chilton";"Max";4;"CHI";"1991-04-21";"British"
"Chimeri";"Ettore";\N;\N;"1921-06-04";"Venezuelan"
"Chiron";"Louis";\N;\N;"1899-08-03";"Monegasque"
"Chitwood";"Joie";\N;\N;"1912-04-14";"American"
"Christie";"Bob";\N;\N;"1924-04-04";"American"
"Claes";"Johnny";\N;\N;"1916-08-11";"Belgian"
"Clapham";"David";\N;\N;"1931-05-18";"South African"
"Clark";"Jim";\N;\N;"1936-03-04";"British"
"Cogan";"Kevin";\N;\N;"1956-03-31";"American"
"Collins";"Peter";\N;\N;"1931-11-06";"British"
"Collomb";"Bernard";\N;\N;"1930-10-07";"French"
"Colombo";"Alberto";\N;\N;"1946-02-23";"Italian"
"Comas";"Érik";\N;\N;"1963-09-28";"French"
"Comotti";"Franco";\N;\N;"1906-07-24";"Italian"
"Connor";"George";\N;\N;"1906-08-16";"American"
"Constantine";"George";\N;\N;"1918-02-22";"American"
"Cordts";"John";\N;\N;"1935-07-23";"Canadian"
"Coulthard";"David";\N;"COU";"1971-03-27";"British"
"Courage";"Piers";\N;\N;"1942-05-27";"British"
"Craft";"Chris";\N;\N;"1939-11-17";"British"
"Crawford";"Jim";\N;\N;"1948-02-13";"British"
"Crawford";"Ray";\N;\N;"1915-10-26";"American"
"Crespo";"Alberto";\N;\N;"1920-01-16";"Argentine"
"Creus";"Antonio";\N;\N;"1924-10-28";"Spanish"
"Crockett";"Larry";\N;\N;"1926-10-23";"American"
"Crook";"Tony";\N;\N;"1920-02-16";"British"
"Cross";"Art";\N;\N;"1918-01-24";"American"
"Crossley";"Geoff";\N;\N;"1921-05-11";"British"
"Cruz";"Adolfo";\N;\N;"1923-06-28";"Argentine"
"Daigh";"Chuck";\N;\N;"1923-11-29";"American"
"Dalmas";"Yannick";\N;\N;"1961-07-28";"French"
"Daly";"Derek";\N;\N;"1953-03-11";"Irish"
"Danner";"Christian";\N;\N;"1958-04-04";"German"
"Daponte";"Jorge";\N;\N;"1923-06-05";"Argentine"
"Davidson";"Anthony";\N;"DAV";"1979-04-18";"British"
"Davies";"Jimmy";\N;\N;"1929-08-08";"American"
"Davis";"Colin";\N;\N;"1933-07-29";"British"
"Daywalt";"Jimmy";\N;\N;"1924-08-28";"American"
"Depailler";"Patrick";\N;\N;"1944-08-09";"French"
"Diniz";"Pedro";\N;\N;"1970-05-22";"Brazilian"
"Dinsmore";"Duke";\N;\N;"1913-04-10";"American"
"Dochnal";"Frank";\N;\N;"1920-10-08";"American"
"Dolhem";"José";\N;\N;"1944-04-26";"French"
"Donnelly";"Martin";\N;\N;"1964-03-26";"British"
"Donohue";"Mark";\N;\N;"1937-03-18";"American"
"Doornbos";"Robert";\N;"DOO";"1981-09-23";"Dutch"
"Downing";"Ken";\N;\N;"1917-12-05";"British"
"Drake";"Bob";\N;\N;"1919-12-14";"American"
"Driver";"Paddy";\N;\N;"1934-05-13";"South African"
"Drogo";"Piero";\N;\N;"1926-08-08";"Italian"
"Duke";"Geoff";\N;\N;"1923-03-29";"British"
"Dumfries";"Johnny";\N;\N;"1958-04-26";"British"
"Duncan";"Len";\N;\N;"1911-07-25";"American"
"Dusio";"Piero";\N;\N;"1899-10-13";"Italian"
"Délétraz";"Jean-Denis";\N;\N;"1963-10-01";"Swiss"
"Eaton";"George";\N;\N;"1945-11-12";"Canadian"
"Ecclestone";"Bernie";\N;\N;"1930-10-28";"British"
"Edmunds";"Don";\N;\N;"1930-09-23";"American"
"Edwards";"Guy";\N;\N;"1942-12-30";"British"
"Elford";"Vic";\N;\N;"1935-06-10";"British"
"Elisian";"Ed";\N;\N;"1926-12-09";"American"
"Emery";"Paul";\N;\N;"1916-11-12";"British"
"Enge";"Tomá¨";\N;\N;"1976-09-11";"Czech"
"England";"Paul";\N;\N;"1929-03-28";"Australian"
"Ericsson";"Marcus";9;"ERI";"1990-09-02";"Swedish"
"Ertl";"Harald";\N;\N;"1948-08-31";"Austrian"
"Estéfano";"Nasif";\N;\N;"1932-11-18";"Argentine"
"Evans";"Bob";\N;\N;"1947-06-11";"British"
"Fabi";"Teo";\N;\N;"1955-03-09";"Italian"
"Fabi";"Corrado";\N;\N;"1961-04-12";"Italian"
"Fabre";"Pascal";\N;\N;"1960-01-09";"French"
"Facetti";"Carlo";\N;\N;"1935-06-26";"Italian"
"Fagioli";"Luigi";\N;\N;"1898-06-09";"Italian"
"Fairman";"Jack";\N;\N;"1913-03-15";"British"
"Fangio";"Juan";\N;\N;"1911-06-24";"Argentine"
"Farina";"Nino";\N;\N;"1906-10-30";"Italian"
"Faulkner";"Walt";\N;\N;"1920-02-16";"American"
"Firman";"Ralph";\N;\N;"1975-05-20";"Irish"
"Fischer";"Rudi";\N;\N;"1912-04-19";"Swiss"
"Fisher";"Mike";\N;\N;"1943-03-13";"American"
"Fisichella";"Giancarlo";\N;"FIS";"1973-01-14";"Italian"
"Fitch";"John";\N;\N;"1917-08-04";"American"
"Fittipaldi";"Christian";\N;\N;"1971-01-18";"Brazilian"
"Fittipaldi";"Emerson";\N;\N;"1946-12-12";"Brazilian"
"Fittipaldi";"Wilson";\N;\N;"1943-12-25";"Brazilian"
"Fitzau";"Theo";\N;\N;"1923-02-10";"East German"
"Flaherty";"Pat";\N;\N;"1926-01-06";"American"
"Flinterman";"Jan";\N;\N;"1919-10-02";"Dutch"
"Flockhart";"Ron";\N;\N;"1923-06-16";"British"
"Fohr";"Myron";\N;\N;"1912-06-17";"American"
"Foitek";"Gregor";\N;\N;"1965-03-27";"Swiss"
"Follmer";"George";\N;\N;"1934-01-27";"American"
"Fonder";"George";\N;\N;"1917-06-22";"American"
"Fontana";"Norberto";\N;\N;"1975-01-20";"Argentine"
"Fontes";"Azdrubal";\N;\N;"1922-12-26";"Uruguayan"
"Forberg";"Carl";\N;\N;"1911-03-04";"American"
"Force";"Gene";\N;\N;"1916-06-15";"American"
"Forini";"Franco";\N;\N;"1958-09-22";"Swiss"
"Fotheringham-Parker";"Philip";\N;\N;"1907-09-22";"British"
"Foyt";"Anthony";\N;\N;"1935-01-16";"American"
"Franchi";"Carlo";\N;\N;"1938-01-01";"Italian"
"Francia";"Giorgio";\N;\N;"1947-11-08";"Italian"
"Freeland";"Don";\N;\N;"1925-03-25";"American"
"Frentzen";"Heinz-Harald";\N;\N;"1967-05-18";"German"
"Friesacher";"Patrick";\N;"FRI";"1980-09-26";"Austrian"
"Fry";"Joe";\N;\N;"1915-10-26";"British"
"Frère";"Paul";\N;\N;"1917-01-30";"Belgian"
"Fushida";"Hiroshi";\N;\N;"1946-03-10";"Japanese"
"Gabbiani";"Beppe";\N;\N;"1957-01-02";"Italian"
"Gachot";"Bertrand";\N;\N;"1962-12-23";"Belgian"
"Gaillard";"Patrick";\N;\N;"1952-02-12";"French"
"Galica";"Divina";\N;\N;"1944-08-13";"British"
"Galli";"Nanni";\N;\N;"1940-10-02";"Italian"
"Gamble";"Fred";\N;\N;"1932-03-17";"American"
"Ganley";"Howden";\N;\N;"1941-12-24";"New Zealander"
"Gardner";"Frank";\N;\N;"1930-10-01";"Australian"
"Garrett";"Billy";\N;\N;"1933-04-24";"American"
"Gartner";"Jo";\N;\N;"1954-01-24";"Austrian"
"Gasly";"Pierre";10;"GAS";"1996-02-07";"French"
"Gaze";"Tony";\N;\N;"1920-02-03";"Australian"
"Gendebien";"Olivier";\N;\N;"1924-01-12";"Belgian"
"Gené";"Marc";\N;\N;"1974-03-29";"Spanish"
"George";"Elmer";\N;\N;"1928-07-15";"American"
"Gerard";"Bob";\N;\N;"1914-01-19";"British"
"Gerini";"Gerino";\N;\N;"1928-08-10";"Italian"
"Gethin";"Peter";\N;\N;"1940-02-21";"British"
"Ghinzani";"Piercarlo";\N;\N;"1952-01-16";"Italian"
"Giacomelli";"Bruno";\N;\N;"1952-09-10";"Italian"
"Gibson";"Dick";\N;\N;"1918-04-16";"British"
"Ginther";"Richie";\N;\N;"1930-08-05";"American"
"Giovinazzi";"Antonio";99;"GIO";"1993-12-14";"Italian"
"Giunti";"Ignazio";\N;\N;"1941-08-30";"Italian"
"Glock";"Timo";\N;"GLO";"1982-03-18";"German"
"Godia";"Paco";\N;\N;"1921-03-21";"Spanish"
"Goethals";"Christian";\N;\N;"1928-08-04";"Belgian"
"Goldsmith";"Paul";\N;\N;"1925-10-02";"American"
"González";"José Froilán";\N;\N;"1922-10-05";"Argentine"
"González";"Óscar";\N;\N;"1923-11-10";"Uruguayan"
"Gordini";"Aldo";\N;\N;"1921-05-20";"French"
"Gould";"Horace";\N;\N;"1918-09-20";"British"
"Gounon";"Jean-Marc";\N;\N;"1963-01-01";"French"
"Green";"Cecil";\N;\N;"1919-09-30";"American"
"Greene";"Keith";\N;\N;"1938-01-05";"British"
"Gregory";"Masten";\N;\N;"1932-02-29";"American"
"Griffith";"Cliff";\N;\N;"1916-02-06";"American"
"Grignard";"Georges";\N;\N;"1905-07-25";"French"
"Grim";"Bobby";\N;\N;"1924-09-04";"American"
"Grosjean";"Romain";8;"GRO";"1986-04-17";"French"
"Grouillard";"Olivier";\N;\N;"1958-09-02";"French"
"Gubby";"Brian";\N;\N;"1934-04-17";"British"
"Guelfi";"André";\N;\N;"1919-05-06";"French"
"Guerra";"Miguel Ángel";\N;\N;"1953-08-31";"Argentine"
"Guerrero";"Roberto";\N;\N;"1958-11-16";"Colombian"
"Gugelmin";"Maurício";\N;\N;"1963-04-20";"Brazilian"
"Gurney";"Dan";\N;\N;"1931-04-13";"American"
"Gutiérrez";"Esteban";21;"GUT";"1991-08-05";"Mexican"
"Gálvez";"Oscar";\N;\N;"1913-08-17";"Argentine"
"Hahne";"Hubert";\N;\N;"1935-03-28";"German"
"Hailwood";"Mike";\N;\N;"1940-04-02";"British"
"Halford";"Bruce";\N;\N;"1931-05-18";"British"
"Hall";"Jim";\N;\N;"1935-07-23";"American"
"Hamilton";"Lewis";44;"HAM";"1985-01-07";"British"
"Hamilton";"Duncan";\N;\N;"1920-04-30";"British"
"Hampshire";"David";\N;\N;"1917-12-29";"British"
"Hanks";"Sam";\N;\N;"1914-07-13";"American"
"Hansgen";"Walt";\N;\N;"1919-10-28";"American"
"Harris";"Mike";\N;\N;"1939-05-25";"South African"
"Harrison";"Cuth";\N;\N;"1906-07-06";"British"
"Hart";"Brian";\N;\N;"1936-09-07";"British"
"Hartley";"Gene";\N;\N;"1926-01-28";"American"
"Hartley";"Brendon";28;"HAR";"1989-11-10";"New Zealander"
"Haryanto";"Rio";88;"HAR";"1993-01-22";"Indonesian"
"Hasemi";"Masahiro";\N;\N;"1945-11-13";"Japanese"
"Hattori";"Naoki";\N;\N;"1966-06-13";"Japanese"
"Hawkins";"Paul";\N;\N;"1937-10-12";"Australian"
"Hawthorn";"Mike";\N;\N;"1929-04-10";"British"
"Heeks";"Willi";\N;\N;"1922-02-13";"German"
"Heidfeld";"Nick";\N;"HEI";"1977-05-10";"German"
"Helfrich";"Theo";\N;\N;"1913-05-13";"German"
"Hellings";"Mack";\N;\N;"1915-09-14";"American"
"Henton";"Brian";\N;\N;"1946-09-19";"British"
"Herbert";"Johnny";\N;\N;"1964-06-25";"British"
"Herman";"Al";\N;\N;"1927-03-15";"American"
"Herrmann";"Hans";\N;\N;"1928-02-23";"German"
"Hesnault";"François";\N;\N;"1956-12-30";"French"
"Heyer";"Hans";\N;\N;"1943-03-16";"German"
"Hill";"Damon";\N;\N;"1960-09-17";"British"
"Hill";"Graham";\N;\N;"1929-02-15";"British"
"Hill";"Phil";\N;\N;"1927-04-20";"American"
"Hirt";"Peter";\N;\N;"1910-03-30";"Swiss"
"Hobbs";"David";\N;\N;"1939-06-09";"British"
"Hocking";"Gary";\N;\N;"1937-09-30";"Rhodesian"
"Hoffmann";"Ingo";\N;\N;"1953-02-28";"Brazilian"
"Holland";"Bill";\N;\N;"1907-12-18";"American"
"Holmes";"Jackie";\N;\N;"1920-09-04";"American"
"Homeier";"Bill";\N;\N;"1918-08-31";"American"
"Hoshino";"Kazuyoshi";\N;\N;"1947-07-01";"Japanese"
"Hoyt";"Jerry";\N;\N;"1929-01-29";"American"
"Hulme";"Denny";\N;\N;"1936-06-18";"New Zealander"
"Hunt";"James";\N;\N;"1947-08-29";"British"
"Hurtubise";"Jim";\N;\N;"1932-12-05";"American"
"Hutchison";"Gus";\N;\N;"1937-04-26";"American"
"Häkkinen";"Mika";\N;\N;"1968-09-28";"Finnish"
"Hülkenberg";"Nico";27;"HUL";"1987-08-19";"German"
"Ickx";"Jacky";\N;\N;"1945-01-01";"Belgian"
"Ide";"Yuji";\N;"IDE";"1975-01-21";"Japanese"
"Iglesias";"Jesús";\N;\N;"1922-02-22";"Argentine"
"Inoue";"Taki";\N;\N;"1963-09-05";"Japanese"
"Ireland";"Innes";\N;\N;"1930-06-12";"British"
"Irvine";"Eddie";\N;\N;"1965-11-10";"British"
"Irwin";"Chris";\N;\N;"1942-06-27";"British"
"Jabouille";"Jean-Pierre";\N;\N;"1942-10-01";"French"
"Jackson";"Jimmy";\N;\N;"1910-07-25";"American"
"James";"Joe";\N;\N;"1925-05-23";"American"
"James";"John";\N;\N;"1914-05-10";"British"
"Jarier";"Jean-Pierre";\N;\N;"1946-07-10";"French"
"Jean";"Max";\N;\N;"1943-07-27";"French"
"Johansson";"Stefan";\N;\N;"1956-09-08";"Swedish"
"Johnson";"Eddie";\N;\N;"1919-02-10";"American"
"Johnson";"Leslie";\N;\N;"1912-03-22";"British"
"Johnstone";"Bruce";\N;\N;"1937-01-30";"South African"
"Jones";"Alan";\N;\N;"1946-11-02";"Australian"
"Jones";"Tom";\N;\N;"1943-04-26";"American"
"Jover";"Juan";\N;\N;"1903-11-23";"Spanish"
"Järvilehto";"Jyrki";\N;\N;"1966-01-31";"Finnish"
"Karch";"Oswald";\N;\N;"1917-03-06";"German"
"Karthikeyan";"Narain";\N;"KAR";"1977-01-14";"Indian"
"Katayama";"Ukyo";\N;\N;"1963-05-29";"Japanese"
"Kavanagh";"Ken";\N;\N;"1923-12-12";"Australian"
"Keegan";"Rupert";\N;\N;"1955-02-26";"British"
"Keizan";"Eddie";\N;\N;"1944-09-12";"South African"
"Keller";"Al";\N;\N;"1920-04-11";"American"
"Kelly";"Joe";\N;\N;"1913-03-13";"Irish"
"Kennedy";"Dave";\N;\N;"1953-01-15";"Irish"
"Kessel";"Loris";\N;\N;"1950-04-01";"Swiss"
"Kessler";"Bruce";\N;\N;"1936-03-23";"American"
"Kiesa";"Nicolas";\N;\N;"1978-03-03";"Danish"
"Kinnunen";"Leo";\N;\N;"1943-08-05";"Finnish"
"Kladis";"Danny";\N;\N;"1917-02-10";"American"
"Klenk";"Hans";\N;\N;"1919-10-28";"German"
"Klien";"Christian";\N;"KLI";"1983-02-07";"Austrian"
"Kling";"Karl";\N;\N;"1910-09-16";"German"
"Klodwig";"Ernst";\N;\N;"1903-05-23";"East German"
"Kobayashi";"Kamui";10;"KOB";"1986-09-13";"Japanese"
"Koinigg";"Helmuth";\N;\N;"1948-11-03";"Austrian"
"Kovalainen";"Heikki";\N;"KOV";"1981-10-19";"Finnish"
"Kozarowitzky";"Mikko";\N;\N;"1948-05-17";"Finnish"
"Krause";"Rudolf";\N;\N;"1907-03-30";"East German"
"Kubica";"Robert";88;"KUB";"1984-12-07";"Polish"
"Kuhnke";"Kurt";\N;\N;"1910-04-30";"German"
"Kvyat";"Daniil";26;"KVY";"1994-04-26";"Russian"
"La Caze";"Robert";\N;\N;"1917-02-26";"French"
"Laffite";"Jacques";\N;\N;"1943-11-21";"French"
"Lagorce";"Franck";\N;\N;"1968-09-01";"French"
"Lammers";"Jan";\N;\N;"1956-06-02";"Dutch"
"Lamy";"Pedro";\N;\N;"1972-03-20";"Portuguese"
"Landi";"Chico";\N;\N;"1907-07-14";"Brazilian"
"Lang";"Hermann";\N;\N;"1909-04-06";"German"
"Langes";"Claudio";\N;\N;"1960-07-20";"Italian"
"Larini";"Nicola";\N;\N;"1964-03-19";"Italian"
"Larrauri";"Oscar";\N;\N;"1954-08-19";"Argentine"
"Larreta";"Alberto Rodriguez";\N;\N;"1934-01-14";"Argentine"
"Larrousse";"Gérard";\N;\N;"1940-05-23";"French"
"Larson";"Jud";\N;\N;"1923-01-21";"American"
"Lauda";"Niki";\N;\N;"1949-02-22";"Austrian"
"Laurent";"Roger";\N;\N;"1913-02-21";"Belgian"
"Lavaggi";"Giovanni";\N;\N;"1958-02-18";"Italian"
"Lawrence";"Chris";\N;\N;"1933-07-27";"British"
"Leclerc";"Charles";16;"LEC";"1997-10-16";"Monegasque"
"Leclère";"Michel";\N;\N;"1946-03-18";"French"
"Lederle";"Neville";\N;\N;"1938-09-25";"South African"
"Lees";"Geoff";\N;\N;"1951-05-01";"British"
"Legat";"Arthur";\N;\N;"1898-11-01";"Belgian"
"Leoni";"Lamberto";\N;\N;"1953-05-24";"Italian"
"Leston";"Les";\N;\N;"1920-12-16";"British"
"Levegh";"Pierre";\N;\N;"1905-12-22";"French"
"Levrett";"Bayliss";\N;\N;"1914-02-14";"American"
"Lewis";"Jackie";\N;\N;"1936-11-01";"British"
"Lewis-Evans";"Stuart";\N;\N;"1930-04-20";"British"
"Ligier";"Guy";\N;\N;"1930-07-12";"French"
"Linden";"Andy";\N;\N;"1922-04-05";"American"
"Lippi";"Roberto";\N;\N;"1926-10-17";"Italian"
"Liuzzi";"Vitantonio";\N;"LIU";"1980-08-06";"Italian"
"Lombardi";"Lella";\N;\N;"1941-03-26";"Italian"
"Londoño";"Ricardo";\N;\N;"1949-08-08";"Colombian"
"Loof";"Ernst";\N;\N;"1907-07-04";"German"
"Lotterer";"André";45;"LOT";"1981-11-19";"German"
"Louveau";"Henri";\N;\N;"1910-01-25";"French"
"Love";"John";\N;\N;"1924-12-07";"Rhodesian"
"Lovely";"Pete";\N;\N;"1926-04-11";"American"
"Loyer";"Roger";\N;\N;"1907-08-05";"French"
"Lucas";"Jean";\N;\N;"1917-04-25";"French"
"Lucienbonnet";"Jean";\N;\N;"1923-01-07";"French"
"Lunger";"Brett";\N;\N;"1945-11-14";"American"
"Lunger";"Boy";\N;\N;"1949-05-03";"Dutch"
"MacDowel";"Mike";\N;\N;"1932-09-13";"British"
"MacKay-Fraser";"Herbert";\N;\N;"1927-06-23";"American"
"Mackey";"Bill";\N;\N;"1927-12-15";"American"
"Macklin";"Lance";\N;\N;"1919-09-02";"British"
"Magee";"Damien";\N;\N;"1945-11-17";"British"
"Maggs";"Tony";\N;\N;"1937-02-09";"South African"
"Magill";"Mike";\N;\N;"1920-02-08";"American"
"Maglioli";"Umberto";\N;\N;"1928-06-05";"Italian"
"Magnussen";"Jan";\N;"MAG";"1973-07-04";"Danish"
"Magnussen";"Kevin";20;"MAG";"1992-10-05";"Danish"
"Mairesse";"Willy";\N;\N;"1928-10-01";"Belgian"
"Mairesse";"Guy";\N;\N;"1910-08-10";"French"
"Maldonado";"Pastor";13;"MAL";"1985-03-09";"Venezuelan"
"Mansell";"Nigel";\N;\N;"1953-08-08";"British"
"Mantovani";"Sergio";\N;\N;"1929-05-22";"Italian"
"Mantz";"Johnny";\N;\N;"1918-09-18";"American"
"Manzon";"Robert";\N;\N;"1917-04-12";"French"
"Marimón";"Onofre";\N;\N;"1923-12-19";"Argentine"
"Marko";"Helmut";\N;\N;"1943-04-27";"Austrian"
"Marques";"Tarso";\N;\N;"1976-01-19";"Brazilian"
"Marr";"Leslie";\N;\N;"1922-08-14";"British"
"Marsh";"Tony";\N;\N;"1931-07-20";"British"
"Martin";"Eugène";\N;\N;"1915-03-24";"French"
"Martini";"Pierluigi";\N;\N;"1961-04-23";"Italian"
"Mass";"Jochen";\N;\N;"1946-09-30";"German"
"Massa";"Felipe";19;"MAS";"1981-04-25";"Brazilian"
"May";"Michael";\N;\N;"1934-08-18";"Swiss"
"Mayer";"Timmy";\N;\N;"1938-02-22";"American"
"Mazet";"François";\N;\N;"1943-02-24";"French"
"Mazzacane";"Gastón";\N;\N;"1975-05-08";"Argentine"
"McAlpine";"Kenneth";\N;\N;"1920-09-21";"British"
"McCarthy";"Perry";\N;\N;"1961-03-03";"British"
"McCoy";"Ernie";\N;\N;"1921-02-19";"American"
"McDowell";"Johnny";\N;\N;"1915-01-29";"American"
"McGrath";"Jack";\N;\N;"1919-10-08";"American"
"McGuire";"Brian";\N;\N;"1945-12-13";"Australian"
"McLaren";"Bruce";\N;\N;"1937-08-30";"New Zealander"
"McNish";"Allan";\N;\N;"1969-12-29";"British"
"McRae";"Graham";\N;\N;"1940-03-05";"New Zealander"
"McWithey";"Jim";\N;\N;"1927-07-04";"American"
"Menditeguy";"Carlos";\N;\N;"1914-08-10";"Argentine"
"Merhi";"Roberto";98;"MER";"1991-03-22";"Spanish"
"Merzario";"Arturo";\N;\N;"1943-03-11";"Italian"
"Mieres";"Roberto";\N;\N;"1924-12-03";"Argentine"
"Migault";"François";\N;\N;"1944-12-04";"French"
"Miles";"John";\N;\N;"1943-06-14";"British"
"Miles";"Ken";\N;\N;"1918-11-01";"British"
"Milhoux";"André";\N;\N;"1928-12-09";"Belgian"
"Miller";"Chet";\N;\N;"1902-07-19";"American"
"Mitter";"Gerhard";\N;\N;"1935-08-30";"German"
"Modena";"Stefano";\N;\N;"1963-05-12";"Italian"
"Monarch";"Thomas";\N;\N;"1945-09-03";"American"
"Montagny";"Franck";\N;"FMO";"1978-01-05";"French"
"Monteiro";"Tiago";\N;"TMO";"1976-07-24";"Portuguese"
"Montermini";"Andrea";\N;\N;"1964-05-30";"Italian"
"Monteverdi";"Peter";\N;\N;"1934-06-07";"Swiss"
"Montgomerie-Charrington";"Robin";\N;\N;"1915-06-23";"British"
"Morbidelli";"Gianni";\N;\N;"1968-01-13";"Italian"
"Moreno";"Roberto";\N;\N;"1959-02-11";"Brazilian"
"Morgan";"Dave";\N;\N;"1944-08-07";"British"
"Moser";"Silvio";\N;\N;"1941-04-24";"Swiss"
"Moss";"Stirling";\N;\N;"1929-09-17";"British"
"Moss";"Bill";\N;\N;"1933-09-04";"British"
"Munaron";"Gino";\N;\N;"1928-04-02";"Italian"
"Murray";"David";\N;\N;"1909-12-28";"British"
"Musso";"Luigi";\N;\N;"1924-07-28";"Italian"
"Nakajima";"Kazuki";\N;"NAK";"1985-01-11";"Japanese"
"Nakajima";"Satoru";\N;\N;"1953-02-23";"Japanese"
"Nakano";"Shinji";\N;\N;"1971-04-01";"Japanese"
"Nalon";"Duke";\N;\N;"1913-03-02";"American"
"Nannini";"Alessandro";\N;\N;"1959-07-07";"Italian"
"Naspetti";"Emanuele";\N;\N;"1968-02-24";"Italian"
"Nasr";"Felipe";12;"NAS";"1992-08-21";"Brazilian"
"Natili";"Massimo";\N;\N;"1935-07-28";"Italian"
"Naylor";"Brian";\N;\N;"1923-03-24";"British"
"Nazaruk";"Mike";\N;\N;"1921-10-02";"American"
"Needell";"Tiff";\N;\N;"1951-10-29";"British"
"Nelleman";"Jac";\N;\N;"1944-04-19";"Danish"
"Nicholson";"John";\N;\N;"1941-10-06";"New Zealander"
"Niday";"Cal";\N;\N;"1914-04-29";"American"
"Niedermayr";"Helmut";\N;\N;"1915-11-29";"German"
"Niemann";"Brausch";\N;\N;"1939-01-07";"South African"
"Nilsson";"Gunnar";\N;\N;"1948-11-20";"Swedish"
"Noda";"Hideki";\N;\N;"1969-03-07";"Japanese"
"Norris";"Lando";4;"NOR";"1999-11-13";"British"
"Nuckey";"Rodney";\N;\N;"1929-06-26";"British"
"Nève";"Patrick";\N;\N;"1949-10-13";"Belgian"
"O'Brien";"Robert";\N;\N;"1908-04-11";"American"
"O'Connor";"Pat";\N;\N;"1928-10-09";"American"
"Ocon";"Esteban";31;"OCO";"1996-09-17";"French"
"Oliver";"Jackie";\N;\N;"1942-08-14";"British"
"Ongais";"Danny";\N;\N;"1942-05-21";"American"
"Owen";"Arthur";\N;\N;"1915-03-23";"British"
"Pablo Montoya";"Juan";\N;"MON";"1975-09-20";"Colombian"
"Pace";"Carlos";\N;\N;"1944-10-06";"Brazilian"
"Pagani";"Nello";\N;\N;"1911-10-11";"Italian"
"Paletti";"Riccardo";\N;\N;"1958-06-15";"Italian"
"Palm";"Torsten";\N;\N;"1947-07-23";"Swedish"
"Palmer";"Jonathan";\N;\N;"1956-11-07";"British"
"Palmer";"Jolyon";30;"PAL";"1991-01-20";"British"
"Panis";"Olivier";\N;\N;"1966-09-02";"French"
"Pantano";"Giorgio";\N;\N;"1979-02-04";"Italian"
"Papis";"Massimiliano";\N;\N;"1969-10-03";"Italian"
"Parkes";"Mike";\N;\N;"1931-09-24";"British"
"Parnell";"Tim";\N;\N;"1932-06-25";"British"
"Parnell";"Reg";\N;\N;"1911-07-02";"British"
"Parsons";"Johnnie";\N;\N;"1918-07-04";"American"
"Patrese";"Riccardo";\N;\N;"1954-04-17";"Italian"
"Pease";"Al";\N;\N;"1921-10-15";"Canadian"
"Penske";"Roger";\N;\N;"1937-02-20";"American"
"Perdisa";"Cesare";\N;\N;"1932-10-21";"Italian"
"Perkins";"Larry";\N;\N;"1950-03-18";"Australian"
"Pescarolo";"Henri";\N;\N;"1942-09-25";"French"
"Pesenti-Rossi";"Alessandro";\N;\N;"1942-08-31";"Italian"
"Peters";"Josef";\N;\N;"1914-09-16";"German"
"Peterson";"Ronnie";\N;\N;"1944-02-14";"Swedish"
"Petrov";"Vitaly";\N;"PET";"1984-09-08";"Russian"
"Pic";"Charles";\N;"PIC";"1990-02-15";"French"
"Picard";"François";\N;\N;"1921-04-26";"French"
"Pieterse";"Ernie";\N;\N;"1938-07-04";"South African"
"Pietsch";"Paul";\N;\N;"1911-06-20";"German"
"Pilette";"Teddy";\N;\N;"1942-07-26";"Belgian"
"Pilette";"André";\N;\N;"1918-10-06";"Belgian"
"Piotti";"Luigi";\N;\N;"1913-10-27";"Italian"
"Piper";"David";\N;\N;"1930-12-02";"British"
"Piquet Jr.";"Nelson";\N;"PIQ";"1985-07-25";"Brazilian"
"Piquet";"Nelson";\N;\N;"1952-08-17";"Brazilian"
"Pirocchi";"Renato";\N;\N;"1933-03-26";"Italian"
"Pironi";"Didier";\N;\N;"1952-03-26";"French"
"Pirro";"Emanuele";\N;\N;"1962-01-12";"Italian"
"Pizzonia";"Antônio";\N;"PIZ";"1980-09-11";"Brazilian"
"Pián";"Alfredo";\N;\N;"1912-10-21";"Argentine"
"Pollet";"Jacques";\N;\N;"1922-07-02";"French"
"Pon";"Ben";\N;\N;"1936-12-09";"Dutch"
"Poore";"Dennis";\N;\N;"1916-08-19";"British"
"Posey";"Sam";\N;\N;"1944-05-26";"American"
"Pozzi";"Charles";\N;\N;"1909-08-27";"French"
"Pretorius";"Jackie";\N;\N;"1934-11-22";"South African"
"Prinoth";"Ernesto";\N;\N;"1923-04-15";"Italian"
"Prophet";"David";\N;\N;"1937-10-09";"British"
"Prost";"Alain";\N;\N;"1955-02-24";"French"
"Pryce";"Tom";\N;\N;"1949-06-11";"British"
"Purley";"David";\N;\N;"1945-01-26";"British"
"Puzey";"Clive";\N;\N;"1941-07-11";"Rhodesian"
"Pérez";"Sergio";11;"PER";"1990-01-26";"Mexican"
"Pérez-Sala";"Luis";\N;\N;"1959-05-15";"Spanish"
"Quester";"Dieter";\N;\N;"1939-05-30";"Austrian"
"Raby";"Ian";\N;\N;"1921-09-22";"British"
"Rahal";"Bobby";\N;\N;"1953-01-10";"American"
"Raphanel";"Pierre-Henri";\N;\N;"1961-05-27";"French"
"Rathmann";"Jim";\N;\N;"1928-07-16";"American"
"Rathmann";"Dick";\N;\N;"1924-01-06";"American"
"Ratzenberger";"Roland";\N;\N;"1960-07-04";"Austrian"
"Rebaque";"Hector";\N;\N;"1956-02-05";"Mexican"
"Redman";"Brian";\N;\N;"1937-03-09";"British"
"Reece";"Jimmy";\N;\N;"1929-11-17";"American"
"Reed";"Ray";\N;\N;"1932-04-30";"South African"
"Rees";"Alan";\N;\N;"1938-01-12";"British"
"Regazzoni";"Clay";\N;\N;"1939-09-05";"Swiss"
"Reutemann";"Carlos";\N;\N;"1942-04-12";"Argentine"
"Reventlow";"Lance";\N;\N;"1936-02-24";"American"
"Revson";"Peter";\N;\N;"1939-02-27";"American"
"Rhodes";"John";\N;\N;"1927-08-18";"British"
"Ribeiro";"Alex";\N;\N;"1948-11-07";"Brazilian"
"Ricciardo";"Daniel";3;"RIC";"1989-07-01";"Australian"
"Richardson";"Ken";\N;\N;"1911-08-21";"British"
"Riess";"Fritz";\N;\N;"1922-07-11";"German"
"Rigsby";"Jim";\N;\N;"1923-06-06";"American"
"Rindt";"Jochen";\N;\N;"1942-04-18";"Austrian"
"Riseley-Prichard";"John";\N;\N;"1924-01-17";"British"
"Robarts";"Richard";\N;\N;"1944-09-22";"British"
"Rodríguez";"Pedro";\N;\N;"1940-01-18";"Mexican"
"Rodríguez";"Ricardo";\N;\N;"1942-02-14";"Mexican"
"Rol";"Franco";\N;\N;"1908-06-05";"Italian"
"Rollinson";"Alan";\N;\N;"1943-05-15";"British"
"Rolt";"Tony";\N;\N;"1918-10-16";"British"
"Roos";"Bertil";\N;\N;"1943-10-12";"Swedish"
"Rosberg";"Nico";6;"ROS";"1985-06-27";"German"
"Rosberg";"Keke";\N;\N;"1948-12-06";"Finnish"
"Rose";"Mauri";\N;\N;"1906-05-26";"American"
"Rosier";"Louis";\N;\N;"1905-11-05";"French"
"Rosset";"Ricardo";\N;\N;"1968-07-27";"Brazilian"
"Rossi";"Alexander";53;"RSS";"1991-09-25";"American"
"Rothengatter";"Huub";\N;\N;"1954-10-08";"Dutch"
"Ruby";"Lloyd";\N;\N;"1928-01-12";"American"
"Russell";"George";63;"RUS";"1998-02-15";"British"
"Russo";"Giacomo";\N;\N;"1937-10-23";"Italian"
"Russo";"Eddie";\N;\N;"1925-11-19";"American"
"Russo";"Paul";\N;\N;"1914-04-10";"American"
"Ruttman";"Troy";\N;\N;"1930-03-11";"American"
"Ryan";"Peter";\N;\N;"1940-06-10";"Canadian"
"Räikkönen";"Kimi";7;"RAI";"1979-10-17";"Finnish"
"Sachs";"Eddie";\N;\N;"1927-05-28";"American"
"Said";"Bob";\N;\N;"1932-05-05";"American"
"Sainz";"Carlos";55;"SAI";"1994-09-01";"Spanish"
"Salazar";"Eliseo";\N;\N;"1954-11-14";"Chilean"
"Salo";"Mika";\N;\N;"1966-11-30";"Finnish"
"Salvadori";"Roy";\N;\N;"1922-05-12";"British"
"Sanesi";"Consalvo";\N;\N;"1911-03-28";"Italian"
"Sarrazin";"Stéphane";\N;\N;"1975-11-02";"French"
"Sato";"Takuma";\N;"SAT";"1977-01-28";"Japanese"
"Scarborough";"Carl";\N;\N;"1914-07-03";"American"
"Scarfiotti";"Ludovico";\N;\N;"1933-10-18";"Italian"
"Scarlatti";"Giorgio";\N;\N;"1921-10-02";"Italian"
"Scheckter";"Jody";\N;\N;"1950-01-29";"South African"
"Scheckter";"Ian";\N;\N;"1947-08-22";"South African"
"Schell";"Harry";\N;\N;"1921-06-29";"American"
"Schenken";"Tim";\N;\N;"1943-09-26";"Australian"
"Scherrer";"Albert";\N;\N;"1908-02-28";"Swiss"
"Schiattarella";"Domenico";\N;\N;"1967-11-17";"Italian"
"Schiller";"Heinz";\N;\N;"1930-01-25";"Swiss"
"Schindler";"Bill";\N;\N;"1909-03-06";"American"
"Schlesser";"Jean-Louis";\N;\N;"1948-09-12";"French"
"Schlesser";"Jo";\N;\N;"1928-05-18";"French"
"Schneider";"Bernd";\N;\N;"1964-07-20";"German"
"Schoeller";"Rudolf";\N;\N;"1902-04-27";"Swiss"
"Schroeder";"Rob";\N;\N;"1926-05-11";"British"
"Schumacher";"Ralf";\N;"SCH";"1975-06-30";"German"
"Schumacher";"Michael";\N;"MSC";"1969-01-03";"German"
"Schuppan";"Vern";\N;\N;"1943-03-19";"Australian"
"Scott Brown";"Archie";\N;\N;"1927-05-13";"British"
"Scott";"Bob";\N;\N;"1928-10-04";"American"
"Scotti";"Piero";\N;\N;"1909-11-11";"Italian"
"Seidel";"Wolfgang";\N;\N;"1926-07-04";"German"
"Seiffert";"Günther";\N;\N;"1937-10-18";"German"
"Senna";"Ayrton";\N;\N;"1960-03-21";"Brazilian"
"Senna";"Bruno";\N;"SEN";"1983-10-15";"Brazilian"
"Serafini";"Dorino";\N;\N;"1909-07-22";"Italian"
"Serra";"Chico";\N;\N;"1957-02-03";"Brazilian"
"Serrurier";"Doug";\N;\N;"1920-12-09";"South African"
"Servoz-Gavin";"Johnny";\N;\N;"1942-01-18";"French"
"Settember";"Tony";\N;\N;"1926-07-10";"American"
"Sharp";"Hap";\N;\N;"1928-01-01";"American"
"Shawe Taylor";"Brian";\N;\N;"1915-01-28";"British"
"Shelby";"Carroll";\N;\N;"1923-01-11";"American"
"Shelly";"Tony";\N;\N;"1937-02-02";"New Zealander"
"Siffert";"Jo";\N;\N;"1936-07-07";"Swiss"
"Simon";"André";\N;\N;"1920-01-05";"French"
"Sirotkin";"Sergey";35;"SIR";"1995-08-27";"Russian"
"Slotemaker";"Rob";\N;\N;"1929-06-13";"Dutch"
"Solana";"Moisés";\N;\N;"1935-12-26";"Mexican"
"Soler-Roig";"Alex";\N;\N;"1932-10-29";"Spanish"
"Sommer";"Raymond";\N;\N;"1906-08-31";"French"
"Sospiri";"Vincenzo";\N;\N;"1966-10-07";"Italian"
"South";"Stephen";\N;\N;"1952-02-19";"British"
"Sparken";"Mike";\N;\N;"1930-06-16";"French"
"Speed";"Scott";\N;"SPE";"1983-01-24";"American"
"Spence";"Mike";\N;\N;"1936-12-30";"British"
"Stacey";"Alan";\N;\N;"1933-08-29";"British"
"Starrabba";"Gaetano";\N;\N;"1932-12-03";"Italian"
"Stevens";"Will";28;"STE";"1991-06-28";"British"
"Stevenson";"Chuck";\N;\N;"1919-10-15";"American"
"Stewart";"Jackie";\N;\N;"1939-06-11";"British"
"Stewart";"Jimmy";\N;\N;"1931-03-06";"British"
"Stewart";"Ian";\N;\N;"1929-07-15";"British"
"Stohr";"Siegfried";\N;\N;"1952-10-10";"Italian"
"Stommelen";"Rolf";\N;\N;"1943-07-11";"German"
"Streiff";"Philippe";\N;\N;"1955-06-26";"French"
"Stroll";"Lance";18;"STR";"1998-10-29";"Canadian"
"Stuck";"Hans-Joachim";\N;\N;"1951-01-01";"German"
"Stuppacher";"Otto";\N;\N;"1947-03-03";"Austrian"
"Sullivan";"Danny";\N;\N;"1950-03-09";"American"
"Surer";"Marc";\N;\N;"1951-09-18";"Swiss"
"Surtees";"John";\N;\N;"1934-02-11";"British"
"Sutcliffe";"Andy";\N;\N;"1947-05-09";"British"
"Sutil";"Adrian";99;"SUT";"1983-01-11";"German"
"Sutton";"Len";\N;\N;"1925-08-09";"American"
"Suzuki";"Aguri";\N;\N;"1960-09-08";"Japanese"
"Suzuki";"Toshio";\N;\N;"1955-03-10";"Japanese"
"Swaters";"Jacques";\N;\N;"1926-10-30";"American"
"Sweikert";"Bob";\N;\N;"1926-05-20";"American"
"Takagi";"Toranosuke";\N;\N;"1974-02-12";"Japanese"
"Takahara";"Noritake";\N;\N;"1951-06-06";"Japanese"
"Takahashi";"Kunimitsu";\N;\N;"1940-01-29";"Japanese"
"Tambay";"Patrick";\N;\N;"1949-06-25";"French"
"Taramazzo";"Luigi";\N;\N;"1932-05-05";"Italian"
"Tarquini";"Gabriele";\N;\N;"1962-03-02";"Italian"
"Taruffi";"Piero";\N;\N;"1906-10-12";"Italian"
"Taylor";"John";\N;\N;"1933-03-23";"British"
"Taylor";"Trevor";\N;\N;"1936-12-26";"British"
"Taylor";"Henry";\N;\N;"1932-12-16";"British"
"Taylor";"Mike";\N;\N;"1934-04-24";"British"
"Taylor";"Dennis";\N;\N;"1921-06-12";"British"
"Teague";"Marshall";\N;\N;"1921-02-22";"American"
"Templeman";"Shorty";\N;\N;"1919-08-12";"American"
"Testut";"André";\N;\N;"1926-04-13";"Monegasque"
"Thackwell";"Mike";\N;\N;"1961-03-30";"New Zealander"
"Thiele";"Alfonso";\N;\N;"1920-04-05";"American-Italian"
"Thompson";"Eric";\N;\N;"1919-11-04";"British"
"Thomson";"Johnny";\N;\N;"1922-04-09";"American"
"Thorne";"Leslie";\N;\N;"1916-06-23";"British"
"Tingelstad";"Bud";\N;\N;"1928-04-04";"American"
"Tingle";"Sam";\N;\N;"1921-08-24";"Rhodesian"
"Titterington";"Desmond";\N;\N;"1928-05-01";"British"
"Tolan";"Johnnie";\N;\N;"1917-10-22";"American"
"Trimmer";"Tony";\N;\N;"1943-01-24";"British"
"Trintignant";"Maurice";\N;\N;"1917-10-30";"French"
"Trulli";"Jarno";\N;"TRU";"1974-07-13";"Italian"
"Tuero";"Esteban";\N;\N;"1978-04-22";"Argentine"
"Tunmer";"Guy";\N;\N;"1948-12-01";"South African"
"Turner";"Jack";\N;\N;"1920-02-12";"American"
"Ulmen";"Toni";\N;\N;"1906-01-25";"German"
"Unser";"Bobby";\N;\N;"1934-02-20";"American"
"Unser";"Jerry";\N;\N;"1932-11-15";"American"
"Uria";"Alberto";\N;\N;"1924-07-11";"Uruguayan"
"Vaccarella";"Nino";\N;\N;"1933-03-04";"Italian"
"Vandoorne";"Stoffel";2;"VAN";"1992-03-26";"Belgian"
"Veith";"Bob";\N;\N;"1926-11-01";"American"
"Vergne";"Jean-Éric";25;"VER";"1990-04-25";"French"
"Verstappen";"Jos";\N;\N;"1972-03-04";"Dutch"
"Verstappen";"Max";33;"VER";"1997-09-30";"Dutch"
"Vettel";"Sebastian";5;"VET";"1987-07-03";"German"
"Villeneuve Sr.";"Jacques";\N;\N;"1953-11-04";"Canadian"
"Villeneuve";"Jacques";\N;"VIL";"1971-04-09";"Canadian"
"Villeneuve";"Gilles";\N;\N;"1950-01-18";"Canadian"
"Villoresi";"Luigi";\N;\N;"1909-05-16";"Italian"
"Volonterio";"Ottorino";\N;\N;"1917-12-07";"Swiss"
"Vonlanthen";"Jo";\N;\N;"1942-05-31";"Swiss"
"Vukovich";"Bill";\N;\N;"1918-12-13";"American"
"Wacker";"Fred";\N;\N;"1918-07-10";"American"
"Walker";"David";\N;\N;"1941-06-10";"Australian"
"Walker";"Peter";\N;\N;"1912-10-07";"British"
"Wallard";"Lee";\N;\N;"1910-09-07";"American"
"Walter";"Heini";\N;\N;"1927-07-28";"Swiss"
"Ward";"Rodger";\N;\N;"1921-01-10";"American"
"Warwick";"Derek";\N;\N;"1954-08-27";"British"
"Watson";"John";\N;\N;"1946-05-04";"British"
"Webb";"Travis";\N;\N;"1910-10-08";"American"
"Webber";"Mark";\N;"WEB";"1976-08-27";"Australian"
"Wehrlein";"Pascal";94;"WEH";"1994-10-18";"German"
"Weidler";"Volker";\N;\N;"1962-03-18";"German"
"Weiler";"Wayne";\N;\N;"1934-12-09";"American"
"Wendlinger";"Karl";\N;\N;"1968-12-20";"Austrian"
"Westbury";"Peter";\N;\N;"1938-05-26";"British"
"Weyant";"Chuck";\N;\N;"1923-04-03";"American"
"Wharton";"Ken";\N;\N;"1916-03-21";"British"
"Whiteaway";"Ted";\N;\N;"1928-11-01";"British"
"Whitehead";"Peter";\N;\N;"1914-11-12";"British"
"Whitehead";"Graham";\N;\N;"1922-04-15";"British"
"Whitehouse";"Bill";\N;\N;"1909-04-01";"British"
"Widdows";"Robin";\N;\N;"1942-05-27";"British"
"Wietzes";"Eppie";\N;\N;"1938-05-28";"Canadian"
"Wilds";"Mike";\N;\N;"1946-01-07";"British"
"Williams";"Jonathan";\N;\N;"1942-10-26";"British"
"Williamson";"Roger";\N;\N;"1948-02-02";"British"
"Wilson";"Justin";\N;\N;"1978-07-31";"British"
"Wilson";"Desiré";\N;\N;"1953-11-26";"South African"
"Wilson";"Vic";\N;\N;"1931-04-14";"British"
"Wilson";"Dempsey";\N;\N;"1927-03-11";"American"
"Winkelhock";"Markus";\N;"WIN";"1980-06-13";"German"
"Winkelhock";"Joachim";\N;\N;"1960-10-24";"German"
"Winkelhock";"Manfred";\N;\N;"1951-10-06";"German"
"Wisell";"Reine";\N;\N;"1941-09-30";"Swedish"
"Wunderink";"Roelof";\N;\N;"1948-12-12";"Dutch"
"Wurz";"Alexander";\N;"WUR";"1974-02-15";"Austrian"
"Yamamoto";"Sakon";\N;"YAM";"1982-07-09";"Japanese"
"Yoong";"Alex";\N;\N;"1976-07-20";"Malaysian"
"Zanardi";"Alessandro";\N;\N;"1966-10-23";"Italian"
"Zapico";"Emilio";\N;\N;"1944-05-27";"Spanish"
"Zonta";"Ricardo";\N;"ZON";"1976-03-23";"Brazilian"
"Zorzi";"Renzo";\N;\N;"1946-12-12";"Italian"
"Zunino";"Ricardo";\N;\N;"1949-04-13";"Argentine"
"d'Ambrosio";"Jérôme";\N;"DAM";"1985-12-27";"Belgian"
"d'Orey";"Fritz";\N;\N;"1938-03-25";"Brazilian"
"da Matta";"Cristiano";\N;\N;"1973-09-19";"Brazilian"
"da Silva Ramos";"Hernando";\N;\N;"1925-12-07";"Brazilian"
"de Adamich";"Andrea";\N;\N;"1941-10-03";"Italian"
"de Angelis";"Elio";\N;\N;"1958-03-26";"Italian"
"de Beaufort";"Carel Godin";\N;\N;"1934-04-10";"Dutch"
"de Cesaris";"Andrea";\N;\N;"1959-05-31";"Italian"
"de Changy";"Alain";\N;\N;"1922-02-05";"Belgian"
"de Dryver";"Bernard";\N;\N;"1952-09-19";"Belgian"
"de Filippis";"Maria";\N;\N;"1926-11-11";"Italian"
"de Graffenried";"Toulo";\N;\N;"1914-05-18";"Swiss"
"de Klerk";"Peter";\N;\N;"1935-03-16";"South African"
"de Portago";"Alfonso";\N;\N;"1928-10-11";"Spanish"
"de Riu";"Giovanni";\N;\N;"1925-03-10";"Italian"
"de Terra";"Max";\N;\N;"1918-10-06";"Swiss"
"de Tomaso";"Alessandro";\N;\N;"1928-07-10";"Argentine-Italian"
"de Tornaco";"Charles";\N;\N;"1927-06-07";"Belgian"
"de Villota";"Emilio";\N;\N;"1946-07-26";"Spanish"
"de Vos";"Ernie";\N;\N;"1941-07-01";"Dutch"
"de la Rosa";"Pedro";\N;"DLR";"1971-02-24";"Spanish"
"di Grassi";"Lucas";\N;"DIG";"1984-08-11";"Brazilian"
"di Resta";"Paul";\N;"DIR";"1986-04-16";"British"
"van Lennep";"Gijs";\N;\N;"1942-03-16";"Dutch"
"van Rooyen";"Basil";\N;\N;"1939-04-19";"South African"
"van de Poele";"Eric";\N;\N;"1961-09-30";"Belgian"
"van der Garde";"Giedo";\N;"VDG";"1985-04-25";"Dutch"
"van der Lof";"Dries";\N;\N;"1919-08-23";"Dutch"
"van der Vyver";"Syd";\N;\N;"1920-06-01";"South African"
"von Opel";"Rikky";\N;\N;"1947-10-14";"Liechtensteiner"
"von Stuck";"Hans";\N;\N;"1900-12-27";"German"
"von Trips";"Wolfgang";\N;\N;"1928-05-04";"German"
"Étancelin";"Philippe";\N;\N;"1896-12-28";"French"
